timestamp,eventType,mazeNumber,attemptNumber,collectedCoins,totalCoins,totalScore,mazeElapsedTime,totalGameElapsedTime,headPositionX,headPositionY,headPositionZ,headRotationX,headRotationY,headRotationZ,playerPositionX,playerPositionY,playerPositionZ,playerRotationY,rightThumbstickX,rightThumbstickY,rightTrigger,leftThumbstickX,leftThumbstickY,leftTrigger
3.95257974,DATA,1,0,0,0,0,0.0,0.0,0.545089066,1.61517787,-1.05717111,14.6682158,3.82227635,0.2165842,0.55,0.0,-0.05,0.0,0.0,0.0,0.0,0.0,0.0,0.0
4.00355864,DATA,1,0,0,0,0,0.0,0.0,0.545121,1.615171,-1.05709052,14.6641741,3.829401,0.226660609,0.55,0.0,-0.05,0.0,0.0,0.0,0.0,0.0,0.0,0.0
4.060983,DATA,1,0,0,0,0,0.0,0.0,0.545245,1.615277,-1.05704641,14.6053438,3.84925222,0.263087243,0.55,0.0,-0.05,0.0,0.0,0.0,0.0,0.0,0.0,0.0
4.115679,DATA,1,0,0,0,0,0.0,0.0,0.54533273,1.61547256,-1.05702877,14.5472116,3.868886,0.2780696,0.55,0.0,-0.05,0.0,0.0,0.0,0.0,0.0,0.0,0.0
4.170166,DATA,1,0,0,0,0,0.0,0.0,0.545275033,1.61571765,-1.05704141,14.4620991,3.83505869,0.258947045,0.55,0.0,-0.05,0.0,0.0,0.0,0.0,0.0,0.0,0.0
4.22388649,DATA,1,0,0,0,0,0.0,0.0,0.5452364,1.61581171,-1.05708933,14.4237328,3.85505319,0.263604581,0.55,0.0,-0.05,0.0,0.0,0.0,0.0,0.0,0.0,0.0
4.27675247,DATA,1,0,0,0,0,0.0,0.0,0.5452202,1.61583924,-1.057157,14.4254742,3.844102,0.315148473,0.55,0.0,-0.05,0.0,0.0,0.0,0.0,0.0,0.0,0.0
4.332253,DATA,1,0,0,0,0,0.0,0.0,0.5450433,1.61596668,-1.05729508,14.3638163,3.842598,0.239035174,0.55,0.0,-0.05,0.0,0.0,0.0,0.0,0.0,0.0,0.0
4.38786364,DATA,1,0,0,0,0,0.0,0.0,0.5448244,1.615984,-1.05746818,14.3515406,3.839479,0.322087735,0.55,0.0,-0.05,0.0,0.0,0.0,0.0,0.0,0.0,0.0
4.44351864,DATA,1,0,0,0,0,0.0,0.0,0.5445183,1.61589384,-1.05759072,14.3615141,3.78444266,0.343100041,0.55,0.0,-0.05,0.0,0.0,0.0,0.0,0.0,0.0,0.0
4.507169,DATA,1,0,0,0,0,0.0,0.0,0.5444291,1.61592174,-1.057693,14.44217,3.93129182,0.414825171,0.55,0.0,-0.05,0.0,0.0,0.0,0.0,0.0,0.0,0.0
4.57044363,DATA,1,0,0,0,0,0.0,0.0,0.5445636,1.61544275,-1.057632,14.6514854,4.016517,0.4159693,0.55,0.0,-0.05,0.0,0.0,0.0,0.0,0.0,0.0,0.0
4.62701845,DATA,1,0,0,0,0,0.0,0.0,0.5445779,1.615274,-1.05720377,14.8892717,3.79165626,0.6091231,0.55,0.0,-0.05,0.0,0.0,0.0,0.0,0.0,0.0,0.0
4.682173,DATA,1,0,0,0,0,0.0,0.0,0.5442665,1.61502528,-1.05661607,14.9993486,3.50886369,0.7031282,0.55,0.0,-0.05,0.0,0.0,0.0,0.0,0.0,0.0,0.0
4.7379756,DATA,1,0,0,0,0,0.0,0.0,0.544369042,1.61464489,-1.05526209,15.3560324,3.098526,1.24338663,0.55,0.0,-0.05,0.0,0.0,0.0,0.0,0.0,0.0,0.0
4.794412,DATA,1,0,0,0,0,0.0,0.0,0.5442627,1.61454272,-1.05426621,15.4109917,2.92053366,1.267968,0.55,0.0,-0.05,0.0,0.0,0.0,0.0,0.0,0.0,0.0
4.850008,DATA,1,0,0,0,0,0.0,0.0,0.544247448,1.6145215,-1.05283546,15.4556561,2.82184982,1.37523484,0.55,0.0,-0.05,0.0,0.0,0.0,0.0,0.0,0.0,0.0
4.90601349,DATA,1,0,0,0,0,0.0,0.0,0.544813454,1.61493778,-1.04936934,16.1845627,2.361097,1.964061,0.55,0.0,-0.05,0.0,0.0,0.0,0.0,0.0,0.0,0.0
4.96337032,DATA,1,0,0,0,0,0.0,0.0,0.546151459,1.61637509,-1.04199815,17.70326,0.7740506,3.215959,0.55,0.0,-0.05,0.0,0.0,0.0,0.0,0.0,0.0,0.0
5.019287,DATA,1,0,0,0,0,0.0,0.0,0.5463813,1.61902213,-1.03053546,20.6830444,-2.35455322,4.60886526,0.55,0.0,-0.05,0.0,0.0,0.0,0.0,0.0,0.0,0.0
5.07430935,DATA,1,0,0,0,0,0.0,0.0,0.5440262,1.622479,-1.01570535,25.1922836,-5.84112549,5.82183075,0.55,0.0,-0.05,0.0,0.0,0.0,0.0,0.0,0.0,0.0
5.12983274,DATA,1,0,0,0,0,0.0,0.0,0.538915,1.62460518,-0.9989412,30.38867,-9.359894,7.24861,0.55,0.0,-0.05,0.0,0.0,0.0,0.0,0.0,0.0,0.0
5.18454838,DATA,1,0,0,0,0,0.0,0.0,0.5305894,1.62461352,-0.9824722,35.6552467,-13.4818726,9.792119,0.55,0.0,-0.05,0.0,0.0,0.0,0.0,0.0,0.0,0.0
5.239615,DATA,1,0,0,0,0,0.0,0.0,0.5188258,1.6227181,-0.9666636,40.8904266,-17.9511719,13.1812925,0.55,0.0,-0.05,0.0,0.0,0.0,0.0,0.0,0.0,0.0
5.29496241,DATA,1,0,0,0,0,0.0,0.0,0.5049384,1.61879408,-0.9531138,45.69371,-21.8345032,17.2950344,0.55,0.0,-0.05,0.0,0.0,0.0,0.0,0.0,0.0,0.0
5.35075,DATA,1,0,0,0,0,0.0,0.0,0.490849316,1.612747,-0.943103552,48.9289436,-24.93515,20.5659657,0.55,0.0,-0.05,0.0,0.0,0.0,0.0,0.0,0.0,0.0
5.40726,DATA,1,0,0,0,0,0.0,0.0,0.4790538,1.60514927,-0.936859369,50.9745445,-27.0463257,22.1175785,0.55,0.0,-0.05,0.0,0.0,0.0,0.0,0.0,0.0,0.0
5.462927,DATA,1,0,0,0,0,0.0,0.0,0.46995908,1.59794152,-0.9338448,52.2787552,-28.3441467,22.0091743,0.55,0.0,-0.05,0.0,0.0,0.0,0.0,0.0,0.0,0.0
5.51890469,DATA,1,0,0,0,0,0.0,0.0,0.463758767,1.59234083,-0.932742834,53.4105644,-28.1923523,22.338623,0.55,0.0,-0.05,0.0,0.0,0.0,0.0,0.0,0.0,0.0
5.574097,DATA,1,0,0,0,0,0.0,0.0,0.4602478,1.58909416,-0.9320309,54.27954,-28.0720825,22.6011677,0.55,0.0,-0.05,0.0,0.0,0.0,0.0,0.0,0.0,0.0
5.62948227,DATA,1,0,0,0,0,0.0,0.0,0.459137738,1.58685589,-0.931200266,54.75331,-28.4530334,22.4435387,0.55,0.0,-0.05,0.0,0.0,0.0,0.0,0.0,0.0,0.0
5.68501949,DATA,1,0,0,0,0,0.0,0.0,0.459635556,1.58550441,-0.9302356,54.6400566,-28.9152832,22.2247238,0.55,0.0,-0.05,0.0,0.0,0.0,0.0,0.0,0.0,0.0
5.74102736,DATA,1,0,0,0,0,0.0,0.0,0.460955918,1.58453965,-0.928709269,55.00224,-29.3308716,22.1525021,0.55,0.0,-0.05,0.0,0.0,0.0,0.0,0.0,0.0,0.0
5.79634953,DATA,1,0,0,0,0,0.0,0.0,0.4623726,1.5837152,-0.927011251,55.0312958,-29.49411,22.01811,0.55,0.0,-0.05,0.0,0.0,0.0,0.0,0.0,0.0,0.0
5.85173225,DATA,1,0,0,0,0,0.0,0.0,0.464156926,1.58289385,-0.9247725,55.462677,-30.0764465,21.0939655,0.55,0.0,-0.05,0.0,0.0,0.0,0.0,0.0,0.0,0.0
5.907021,DATA,1,0,0,0,0,0.0,0.0,0.466029942,1.58145618,-0.9226897,55.5587158,-31.0109558,19.1552124,0.55,0.0,-0.05,0.0,0.0,0.0,0.0,0.0,0.0,0.0
5.96308327,DATA,1,0,0,0,0,0.0,0.0,0.467748,1.5796032,-0.920705557,55.63927,-31.3010864,17.6205025,0.55,0.0,-0.05,0.0,0.0,0.0,0.0,0.0,0.0,0.0
6.01807928,DATA,1,0,0,0,0,0.0,0.0,0.469438851,1.57791471,-0.9184258,55.93175,-31.7515564,16.2805271,0.55,0.0,-0.05,0.0,0.0,0.0,0.0,0.0,0.0,0.0
6.07452536,DATA,1,0,0,0,0,0.0,0.0,0.470043,1.57701552,-0.9160669,56.6472473,-32.06601,15.58124,0.55,0.0,-0.05,0.0,0.0,0.0,0.0,0.0,0.0,0.0
6.129368,DATA,1,0,0,0,0,0.0,0.0,0.47032243,1.57710767,-0.913699865,57.7101822,-32.2268066,15.61271,0.55,0.0,-0.05,0.0,0.0,0.0,0.0,0.0,0.0,0.0
6.185219,DATA,1,0,0,0,0,0.0,0.0,0.4692009,1.57730961,-0.9119742,58.53192,-31.6813049,17.1125889,0.55,0.0,-0.05,0.0,0.0,0.0,0.0,0.0,0.0,0.0
6.24068928,DATA,1,0,0,0,0,0.0,0.0,0.467658818,1.5767858,-0.909811258,59.937233,-31.9268188,20.377409,0.55,0.0,-0.05,0.0,0.0,0.0,0.0,0.0,0.0,0.0
6.296365,DATA,1,0,0,0,0,0.0,0.0,0.465677083,1.57626438,-0.9084499,61.785244,-33.9335938,24.4787273,0.55,0.0,-0.05,0.0,0.0,0.0,0.0,0.0,0.0,0.0
6.3514576,DATA,1,0,0,0,0,0.0,0.0,0.465197861,1.57502961,-0.908234835,62.6105843,-37.35205,27.406786,0.55,0.0,-0.05,0.0,0.0,0.0,0.0,0.0,0.0,0.0
6.40715742,DATA,1,0,0,0,0,0.0,0.0,0.465617955,1.57483578,-0.910898,62.07996,-39.8463135,29.5558167,0.55,0.0,-0.05,0.0,0.0,0.0,0.0,0.0,0.0,0.0
6.46310854,DATA,1,0,0,0,0,0.0,0.0,0.467304051,1.57431424,-0.9153607,61.0989876,-42.00177,29.5582142,0.55,0.0,-0.05,0.0,0.0,0.0,0.0,0.0,0.0,0.0
6.5195055,DATA,1,0,0,0,0,0.0,0.0,0.4684785,1.57350826,-0.922029734,60.095974,-42.7545166,28.8234711,0.55,0.0,-0.05,0.0,0.0,0.0,0.0,0.0,0.0,0.0
6.57419538,DATA,1,0,0,0,0,0.0,0.0,0.468473732,1.57304144,-0.9282334,61.0940132,-43.19629,27.3701782,0.55,0.0,-0.05,0.0,0.0,0.0,0.0,0.0,0.0,0.0
6.62981844,DATA,1,0,0,0,0,0.0,0.0,0.468294442,1.57100356,-0.933002234,62.2320175,-45.0148926,23.9717484,0.55,0.0,-0.05,0.0,0.0,0.0,0.0,0.0,0.0,0.0
6.685676,DATA,1,0,0,0,0,0.0,0.0,0.467219174,1.56739,-0.9358423,64.19582,-46.58322,19.8451347,0.55,0.0,-0.05,0.0,0.0,0.0,0.0,0.0,0.0,0.0
6.741235,DATA,1,0,0,0,0,0.0,0.0,0.466880143,1.55999589,-0.9392793,64.82995,-43.51358,17.9299374,0.55,0.0,-0.05,0.0,0.0,0.0,0.0,0.0,0.0,0.0
6.797002,DATA,1,0,0,0,0,0.0,0.0,0.465988457,1.54995131,-0.9425967,65.0101852,-35.4313049,18.7648811,0.55,0.0,-0.05,0.0,0.0,0.0,0.0,0.0,0.0,0.0
6.851442,DATA,1,0,0,0,0,0.0,0.0,0.464829743,1.53828,-0.944648,64.9414749,-26.4530334,19.3101139,0.55,0.0,-0.05,0.0,0.0,0.0,0.0,0.0,0.0,0.0
6.907436,DATA,1,0,0,0,0,0.0,0.0,0.462231934,1.52831006,-0.943912268,65.2227,-19.74231,18.8622437,0.55,0.0,-0.05,0.0,0.0,0.0,0.0,0.0,0.0,0.0
6.963164,DATA,1,0,0,0,0,0.0,0.0,0.458410084,1.51835322,-0.9405272,66.1070251,-14.0481567,19.181736,0.55,0.0,-0.05,0.0,0.0,0.0,0.0,0.0,0.0,0.0
7.018451,DATA,1,0,0,0,0,0.0,0.0,0.45447284,1.50970864,-0.935189,67.34612,-8.225525,21.6632938,0.55,0.0,-0.05,0.0,0.0,0.0,0.0,0.0,0.0,0.0
7.073734,DATA,1,0,0,0,0,0.0,0.0,0.452342331,1.50005972,-0.9295232,68.29705,-4.5111084,21.9485435,0.55,0.0,-0.05,0.0,0.0,0.0,0.0,0.0,0.0,0.0
7.12882376,DATA,1,0,0,0,0,0.0,0.0,0.451571763,1.49074256,-0.924382448,67.92651,-0.985687256,20.9245434,0.55,0.0,-0.05,0.0,0.0,0.0,0.0,0.0,0.0,0.0
7.18485737,DATA,1,0,0,0,0,0.0,0.0,0.451968,1.48106337,-0.9202707,66.81191,3.308723,18.6513,0.55,0.0,-0.05,0.0,0.0,0.0,0.0,0.0,0.0,0.0
7.2409277,DATA,1,0,0,0,0,0.0,0.0,0.4521001,1.47271109,-0.915948153,65.94906,9.26390648,15.5924835,0.55,0.0,-0.05,0.0,0.0,0.0,0.0,0.0,0.0,0.0
7.296248,DATA,1,0,0,0,0,0.0,0.0,0.451484978,1.46488845,-0.9095228,65.7295151,16.46424,13.8430414,0.55,0.0,-0.05,0.0,0.0,0.0,0.0,0.0,0.0,0.0
7.35175228,DATA,1,0,0,0,0,0.0,0.0,0.45078975,1.45634282,-0.900638342,66.14827,21.4974422,11.4961834,0.55,0.0,-0.05,0.0,0.0,0.0,0.0,0.0,0.0,0.0
7.40738869,DATA,1,0,0,0,0,0.0,0.0,0.449572384,1.44777989,-0.8888252,67.29151,26.6060944,11.3348732,0.55,0.0,-0.05,0.0,0.0,0.0,0.0,0.0,0.0,0.0
7.46257544,DATA,1,0,0,0,0,0.0,0.0,0.44707185,1.43927467,-0.874830961,68.4397,34.0901642,15.8055191,0.55,0.0,-0.05,0.0,0.0,0.0,0.0,0.0,0.0,0.0
7.51839733,DATA,1,0,0,0,0,0.0,0.0,0.443750679,1.43155468,-0.859956,69.1503448,42.46069,22.2486515,0.55,0.0,-0.05,0.0,0.0,0.0,0.0,0.0,0.0,0.0
7.573918,DATA,1,0,0,0,0,0.0,0.0,0.441600621,1.42422807,-0.8464687,69.17327,48.88754,26.8024273,0.55,0.0,-0.05,0.0,0.0,0.0,0.0,0.0,0.0,0.0
7.628758,DATA,1,0,0,0,0,0.0,0.0,0.441556752,1.419019,-0.837096453,69.31519,49.3951836,25.7869549,0.55,0.0,-0.05,0.0,0.0,0.0,0.0,0.0,0.0,0.0
7.68504667,DATA,1,0,0,0,0,0.0,0.0,0.444951832,1.41528082,-0.8316786,70.4215546,45.1972,21.6983547,0.55,0.0,-0.05,0.0,0.0,0.0,0.0,0.0,0.0,0.0
7.74087954,DATA,1,0,0,0,0,0.0,0.0,0.4504426,1.41246533,-0.8297508,71.69003,34.8209839,13.6756277,0.55,0.0,-0.05,0.0,0.0,0.0,0.0,0.0,0.0,0.0
7.79677773,DATA,1,0,0,0,0,0.0,0.0,0.457723916,1.40957165,-0.827880144,73.1288452,22.4535713,3.928534,0.55,0.0,-0.05,0.0,0.0,0.0,0.0,0.0,0.0,0.0
7.850715,DATA,1,0,0,0,0,0.0,0.0,0.465058148,1.4074533,-0.8262565,73.88286,8.365968,-8.223022,0.55,0.0,-0.05,0.0,0.0,0.0,0.0,0.0,0.0,0.0
7.907443,DATA,1,0,0,0,0,0.0,0.0,0.472512543,1.40554643,-0.825361967,73.5582657,-3.6703186,-18.5777283,0.55,0.0,-0.05,0.0,0.0,0.0,0.0,0.0,0.0,0.0
7.96309566,DATA,1,0,0,0,0,0.0,0.0,0.478875458,1.40439534,-0.8261578,72.53653,-11.0703735,-25.46521,0.55,0.0,-0.05,0.0,0.0,0.0,0.0,0.0,0.0,0.0
8.018157,DATA,1,0,0,0,0,0.0,0.0,0.484260857,1.4031024,-0.827760935,71.5782,-14.51178,-29.7114563,0.55,0.0,-0.05,0.0,0.0,0.0,0.0,0.0,0.0,0.0
8.074358,DATA,1,0,0,0,0,0.0,0.0,0.488460839,1.40214646,-0.829833269,70.66796,-15.358429,-31.8507385,0.55,0.0,-0.05,0.0,0.0,0.0,0.0,0.0,0.0,0.0
8.128846,DATA,1,0,0,0,0,0.0,0.0,0.491623223,1.40109921,-0.8304646,70.39864,-15.1192932,-33.0609741,0.55,0.0,-0.05,0.0,0.0,0.0,0.0,0.0,0.0,0.0
8.185112,DATA,1,0,0,0,0,0.0,0.0,0.494072258,1.40105438,-0.8290975,70.92029,-15.0646362,-33.98999,0.55,0.0,-0.05,0.0,0.0,0.0,0.0,0.0,0.0,0.0
8.241152,DATA,1,0,0,0,0,0.0,0.0,0.495353043,1.40175545,-0.826509237,71.87872,-14.1445923,-32.9850159,0.55,0.0,-0.05,0.0,0.0,0.0,0.0,0.0,0.0,0.0
8.296689,DATA,1,0,0,0,0,0.0,0.0,0.495211422,1.40277588,-0.8232472,72.98938,-12.440155,-30.92212,0.55,0.0,-0.05,0.0,0.0,0.0,0.0,0.0,0.0,0.0
8.351225,DATA,1,0,0,0,0,0.0,0.0,0.494645417,1.40440738,-0.8204558,74.05999,-10.2827148,-27.7596741,0.55,0.0,-0.05,0.0,0.0,0.0,0.0,0.0,0.0,0.0
8.407483,DATA,1,0,0,0,0,0.0,0.0,0.4950865,1.40631819,-0.816940069,75.204216,-8.169403,-24.265686,0.55,0.0,-0.05,0.0,0.0,0.0,0.0,0.0,0.0,0.0
8.46323,DATA,1,0,0,0,0,0.0,0.0,0.496663868,1.4084661,-0.813652754,76.27419,-6.3923645,-21.4755554,0.55,0.0,-0.05,0.0,0.0,0.0,0.0,0.0,0.0,0.0
8.518792,DATA,1,0,0,0,0,0.0,0.0,0.498862565,1.4090507,-0.809975863,77.0106659,-5.56298828,-19.8381042,0.55,0.0,-0.05,0.0,0.0,0.0,0.0,0.0,0.0,0.0
8.574044,DATA,1,0,0,0,0,0.0,0.0,0.502010167,1.40914369,-0.807458639,77.13227,-8.400574,-22.2593384,0.55,0.0,-0.05,0.0,0.0,0.0,0.0,0.0,0.0,0.0
8.62958,DATA,1,0,0,0,0,0.0,0.0,0.5057953,1.40799737,-0.8043945,77.3945847,-11.4643555,-25.0674133,0.55,0.0,-0.05,0.0,0.0,0.0,0.0,0.0,0.0,0.0
8.685079,DATA,1,0,0,0,0,0.0,0.0,0.5098184,1.407023,-0.8010967,77.5890656,-15.0579529,-28.5814819,0.55,0.0,-0.05,0.0,0.0,0.0,0.0,0.0,0.0,0.0
8.740766,DATA,1,0,0,0,0,0.0,0.0,0.5135034,1.405788,-0.7971165,77.71676,-17.71408,-31.14383,0.55,0.0,-0.05,0.0,0.0,0.0,0.0,0.0,0.0,0.0
8.796301,DATA,1,0,0,0,0,0.0,0.0,0.5170768,1.40529621,-0.7940471,77.3882,-17.76065,-31.3589478,0.55,0.0,-0.05,0.0,0.0,0.0,0.0,0.0,0.0,0.0
8.851236,DATA,1,0,0,0,0,0.0,0.0,0.5207518,1.40662766,-0.790400267,78.2906647,-19.971283,-33.9773865,0.55,0.0,-0.05,0.0,0.0,0.0,0.0,0.0,0.0,0.0
8.907318,DATA,1,0,0,0,0,0.0,0.0,0.523619,1.40762472,-0.789103746,78.3232346,-17.812561,-32.76349,0.55,0.0,-0.05,0.0,0.0,0.0,0.0,0.0,0.0,0.0
8.962684,DATA,1,0,0,0,0,0.0,0.0,0.52696687,1.40902436,-0.7882321,78.104126,-18.96811,-34.2827454,0.55,0.0,-0.05,0.0,0.0,0.0,0.0,0.0,0.0,0.0
9.018297,DATA,1,0,0,0,0,0.0,0.0,0.5300148,1.4110589,-0.7881739,77.8331451,-22.559967,-36.7967224,0.55,0.0,-0.05,0.0,0.0,0.0,0.0,0.0,0.0,0.0
9.073766,DATA,1,0,0,0,0,0.0,0.0,0.532921135,1.41295612,-0.788800955,77.25979,-26.5871582,-39.07904,0.55,0.0,-0.05,0.0,0.0,0.0,0.0,0.0,0.0,0.0
9.129793,DATA,1,0,0,0,0,0.0,0.0,0.5357254,1.41468859,-0.790021658,76.01627,-31.0220947,-41.67337,0.55,0.0,-0.05,0.0,0.0,0.0,0.0,0.0,0.0,0.0
9.185236,DATA,1,0,0,0,0,0.0,0.0,0.5396951,1.41568041,-0.7914798,74.21051,-35.7193,-44.1345825,0.55,0.0,-0.05,0.0,0.0,0.0,0.0,0.0,0.0,0.0
9.240538,DATA,1,0,0,0,0,0.0,0.0,0.545533,1.41613626,-0.7940538,71.6917953,-39.59906,-46.61261,0.55,0.0,-0.05,0.0,0.0,0.0,0.0,0.0,0.0,0.0
9.296291,DATA,1,0,0,0,0,0.0,0.0,0.553373158,1.41611481,-0.7992623,68.2462845,-41.28833,-48.5358276,0.55,0.0,-0.05,0.0,0.0,0.0,0.0,0.0,0.0,0.0
9.351144,DATA,1,0,0,0,0,0.0,0.0,0.5637205,1.41551983,-0.8083103,63.60313,-40.7834473,-49.7504578,0.55,0.0,-0.05,0.0,0.0,0.0,0.0,0.0,0.0,0.0
9.40695,DATA,1,0,0,0,0,0.0,0.0,0.577372849,1.41346467,-0.820030451,57.60758,-39.37024,-50.994873,0.55,0.0,-0.05,0.0,0.0,0.0,0.0,0.0,0.0,0.0
9.462665,DATA,1,0,0,0,0,0.0,0.0,0.593740761,1.409499,-0.832299,51.4409943,-37.8999023,-52.165863,0.55,0.0,-0.05,0.0,0.0,0.0,0.0,0.0,0.0,0.0
9.518573,DATA,1,0,0,0,0,0.0,0.0,0.6126941,1.40411663,-0.843879938,46.86693,-35.98059,-52.3593445,0.55,0.0,-0.05,0.0,0.0,0.0,0.0,0.0,0.0,0.0
9.573251,DATA,1,0,0,0,0,0.0,0.0,0.629371941,1.39879632,-0.8547032,43.4999428,-31.8110962,-52.413147,0.55,0.0,-0.05,0.0,0.0,0.0,0.0,0.0,0.0,0.0
9.628903,DATA,1,0,0,0,0,0.0,0.0,0.6462243,1.395807,-0.8640425,41.29186,-26.955658,-52.5679932,0.55,0.0,-0.05,0.0,0.0,0.0,0.0,0.0,0.0,0.0
9.68466949,DATA,1,0,0,0,0,0.0,0.0,0.6614726,1.39468765,-0.870609045,39.13099,-22.29773,-53.11075,0.55,0.0,-0.05,0.0,0.0,0.0,0.0,0.0,0.0,0.0
9.74011,DATA,1,0,0,0,0,0.0,0.0,0.679426,1.395716,-0.87751174,37.22618,-18.02884,-54.5354,0.55,0.0,-0.05,0.0,0.0,0.0,0.0,0.0,0.0,0.0
9.794541,DATA,1,0,0,0,0,0.0,0.0,0.6974223,1.39940369,-0.8853977,36.46924,-12.1575317,-52.7450562,0.55,0.0,-0.05,0.0,0.0,0.0,0.0,0.0,0.0,0.0
9.849577,DATA,1,0,0,0,0,0.0,0.0,0.7158335,1.40355563,-0.890378237,35.20831,-4.57928467,-48.3836975,0.55,0.0,-0.05,0.0,0.0,0.0,0.0,0.0,0.0,0.0
9.905665,DATA,1,0,0,0,0,0.0,0.0,0.7342847,1.40847182,-0.894777536,32.3439026,2.62669277,-45.522644,0.55,0.0,-0.05,0.0,0.0,0.0,0.0,0.0,0.0,0.0
9.961172,DATA,1,0,0,0,0,0.0,0.0,0.7536481,1.41060162,-0.8958032,26.6738625,13.11642,-39.62967,0.55,0.0,-0.05,0.0,0.0,0.0,0.0,0.0,0.0,0.0
10.0176411,DATA,1,0,0,0,0,0.0,0.0,0.773904145,1.41269064,-0.8919976,19.96508,24.13558,-35.69452,0.55,0.0,-0.05,0.0,0.0,0.0,0.0,0.0,0.0,0.0
10.0731173,DATA,1,0,0,0,0,0.0,0.0,0.798833668,1.41666722,-0.8883259,17.225111,31.6314526,-34.50879,0.55,0.0,-0.05,0.0,0.0,0.0,0.0,0.0,0.0,0.0
10.1292229,DATA,1,0,0,0,0,0.0,0.0,0.827121556,1.41922259,-0.8801582,13.569562,40.5138626,-34.83081,0.55,0.0,-0.05,0.0,0.0,0.0,0.0,0.0,0.0,0.0
10.1853008,DATA,1,0,0,0,0,0.0,0.0,0.858764,1.41750109,-0.870782137,9.194183,50.03179,-33.23004,0.55,0.0,-0.05,0.0,0.0,0.0,0.0,0.0,0.0,0.0
10.2424288,DATA,1,0,0,0,0,0.0,0.0,0.8907836,1.40868,-0.8603442,-0.661865234,60.71081,-27.1221619,0.55,0.0,-0.05,0.0,0.0,0.0,0.0,0.0,0.0,0.0
10.2986088,DATA,1,0,0,0,0,0.0,0.0,0.9204195,1.3933835,-0.8498509,-11.412384,69.069664,-19.2986755,0.55,0.0,-0.05,0.0,0.0,0.0,0.0,0.0,0.0,0.0
10.3552532,DATA,1,0,0,0,0,0.0,0.0,0.941616356,1.38481784,-0.8441732,-10.2492676,71.30616,-19.292572,0.55,0.0,-0.05,0.0,0.0,0.0,0.0,0.0,0.0,0.0
10.4105768,DATA,1,0,0,0,0,0.0,0.0,0.9549221,1.3743012,-0.8413112,-5.830017,71.01955,-20.58899,0.55,0.0,-0.05,0.0,0.0,0.0,0.0,0.0,0.0,0.0
10.4656906,DATA,1,0,0,0,0,0.0,0.0,0.965465367,1.36270237,-0.839676142,-2.67993164,68.42707,-19.8552246,0.55,0.0,-0.05,0.0,0.0,0.0,0.0,0.0,0.0,0.0
10.5208683,DATA,1,0,0,0,0,0.0,0.0,0.9761408,1.3514384,-0.837868,-2.230957,66.4055557,-18.2887268,0.55,0.0,-0.05,0.0,0.0,0.0,0.0,0.0,0.0,0.0
10.5769911,DATA,1,0,0,0,0,0.0,0.0,0.98670274,1.340987,-0.834054232,-2.880951,65.16774,-15.91098,0.55,0.0,-0.05,0.0,0.0,0.0,0.0,0.0,0.0,0.0
10.6316071,DATA,1,0,0,0,0,0.0,0.0,0.9960483,1.33123732,-0.8300407,-3.32608032,64.078476,-13.1231689,0.55,0.0,-0.05,0.0,0.0,0.0,0.0,0.0,0.0,0.0
10.6873493,DATA,1,0,0,0,0,0.0,0.0,1.002559,1.32293725,-0.8267181,-1.76589966,61.8708267,-11.0934448,0.55,0.0,-0.05,0.0,0.0,0.0,0.0,0.0,0.0,0.0
10.7438412,DATA,1,0,0,0,0,0.0,0.0,1.00727642,1.31718147,-0.8245361,-1.52355957,60.16161,-10.1203,0.55,0.0,-0.05,0.0,0.0,0.0,0.0,0.0,0.0,0.0
10.7992382,DATA,1,0,0,0,0,0.0,0.0,1.01125932,1.312783,-0.823665857,-1.25137329,58.459877,-8.947815,0.55,0.0,-0.05,0.0,0.0,0.0,0.0,0.0,0.0,0.0
10.8547745,DATA,1,0,0,0,0,0.0,0.0,1.01371408,1.30974221,-0.8219359,-1.442749,57.8872261,-8.31600952,0.55,0.0,-0.05,0.0,0.0,0.0,0.0,0.0,0.0,0.0
10.9096937,DATA,1,0,0,0,0,0.0,0.0,1.0171535,1.30685472,-0.8202555,-1.55331421,57.3618431,-7.50390625,0.55,0.0,-0.05,0.0,0.0,0.0,0.0,0.0,0.0,0.0
10.9655666,DATA,1,0,0,0,0,0.0,0.0,1.02137649,1.30389714,-0.818585157,-0.9867859,56.7079048,-6.65664673,0.55,0.0,-0.05,0.0,0.0,0.0,0.0,0.0,0.0,0.0
11.0212517,DATA,1,0,0,0,0,0.0,0.0,1.02626729,1.30173969,-0.817644835,-1.429596,55.5870476,-6.10021973,0.55,0.0,-0.05,0.0,0.0,0.0,0.0,0.0,0.0,0.0
11.0772114,DATA,1,0,0,0,0,0.0,0.0,1.03012884,1.30143976,-0.8160937,-1.93478394,55.17058,-5.64361572,0.55,0.0,-0.05,0.0,0.0,0.0,0.0,0.0,0.0,0.0
11.1317949,DATA,1,0,0,0,0,0.0,0.0,1.033427,1.301116,-0.814626,-2.58285522,55.0541,-5.11584473,0.55,0.0,-0.05,0.0,0.0,0.0,0.0,0.0,0.0,0.0
11.1865568,DATA,1,0,0,0,0,0.0,0.0,1.0362885,1.30047393,-0.8130896,-3.03439331,54.8463936,-4.43759155,0.55,0.0,-0.05,0.0,0.0,0.0,0.0,0.0,0.0,0.0
11.2430134,DATA,1,0,0,0,0,0.0,0.0,1.0380795,1.29943264,-0.8109672,-2.83197021,54.9751778,-3.790924,0.55,0.0,-0.05,0.0,0.0,0.0,0.0,0.0,0.0,0.0
11.2987213,DATA,1,0,0,0,0,0.0,0.0,1.03979564,1.29875982,-0.8083937,-3.15286255,55.29371,-3.42242432,0.55,0.0,-0.05,0.0,0.0,0.0,0.0,0.0,0.0,0.0
11.3540516,DATA,1,0,0,0,0,0.0,0.0,1.04120421,1.2984786,-0.8057716,-3.24105835,55.4036942,-3.093628,0.55,0.0,-0.05,0.0,0.0,0.0,0.0,0.0,0.0,0.0
11.4087677,DATA,1,0,0,0,0,0.0,0.0,1.04232526,1.29783094,-0.8039944,-3.418518,55.4027138,-2.534027,0.55,0.0,-0.05,0.0,0.0,0.0,0.0,0.0,0.0,0.0
11.46546,DATA,1,0,0,0,0,0.0,0.0,1.0439651,1.29729581,-0.8024318,-3.54718018,55.3987656,-2.00186157,0.55,0.0,-0.05,0.0,0.0,0.0,0.0,0.0,0.0,0.0
11.5216389,DATA,1,0,0,0,0,0.0,0.0,1.04482388,1.29755092,-0.80075,-3.33529663,55.8445549,-1.86859131,0.55,0.0,-0.05,0.0,0.0,0.0,0.0,0.0,0.0,0.0
11.5763292,DATA,1,0,0,0,0,0.0,0.0,1.0459516,1.29786861,-0.79988265,-3.38061523,56.1329765,-2.31549072,0.55,0.0,-0.05,0.0,0.0,0.0,0.0,0.0,0.0,0.0
11.6318483,DATA,1,0,0,0,0,0.0,0.0,1.0467732,1.29802322,-0.799279451,-3.367279,56.63544,-2.47265625,0.55,0.0,-0.05,0.0,0.0,0.0,0.0,0.0,0.0,0.0
11.68635,DATA,1,0,0,0,0,0.0,0.0,1.04798293,1.29799,-0.7990477,-3.839569,57.09649,-2.7789917,0.55,0.0,-0.05,0.0,0.0,0.0,0.0,0.0,0.0,0.0
11.7429676,DATA,1,0,0,0,0,0.0,0.0,1.04930139,1.29818738,-0.7990086,-3.96365356,57.49964,-2.961029,0.55,0.0,-0.05,0.0,0.0,0.0,0.0,0.0,0.0,0.0
11.7988987,DATA,1,0,0,0,0,0.0,0.0,1.05024791,1.29767668,-0.799069166,-3.95581055,57.96744,-2.58370972,0.55,0.0,-0.05,0.0,0.0,0.0,0.0,0.0,0.0,0.0
11.8540945,DATA,1,0,0,0,0,0.0,0.0,1.05031085,1.29656219,-0.798680544,-3.72439575,58.18712,-1.78890991,0.55,0.0,-0.05,0.0,0.0,0.0,0.0,0.0,0.0,0.0
11.9089861,DATA,1,0,0,0,0,0.0,0.0,1.049278,1.29516065,-0.7984755,-3.94113159,58.22942,-0.47555542,0.55,0.0,-0.05,0.0,0.0,0.0,0.0,0.0,0.0,0.0
11.9657478,DATA,1,0,0,0,0,0.0,0.0,1.04875171,1.29351115,-0.7986362,-3.683838,57.7651176,1.18440819,0.55,0.0,-0.05,0.0,0.0,0.0,0.0,0.0,0.0,0.0
12.0209522,DATA,1,0,0,0,0,0.0,0.0,1.04864335,1.292706,-0.79840827,-3.44741821,57.7619133,2.487974,0.55,0.0,-0.05,0.0,0.0,0.0,0.0,0.0,0.0,0.0
12.0765886,DATA,1,0,0,0,0,0.0,0.0,1.04854083,1.29285145,-0.7988384,-3.54760742,57.87774,2.113988,0.55,0.0,-0.05,0.0,0.0,0.0,0.0,0.0,0.0,0.0
12.1308241,DATA,1,0,0,0,0,0.0,0.0,1.04909742,1.292904,-0.800522566,-3.439331,57.2418938,1.67322564,0.55,0.0,-0.05,0.0,0.0,0.0,0.0,0.0,0.0,0.0
12.1859169,DATA,1,0,0,0,0,0.0,0.0,1.04861,1.29263031,-0.8019259,-3.03756714,56.86486,1.79304779,0.55,0.0,-0.05,0.0,0.0,0.0,0.0,0.0,0.0,0.0
12.2422733,DATA,1,0,0,0,0,0.0,0.0,1.04722953,1.29248548,-0.8025329,-3.848297,56.9050064,2.218229,0.55,0.0,-0.05,0.0,0.0,0.0,0.0,0.0,0.0,0.0
12.2977629,DATA,1,0,0,0,0,0.0,0.0,1.04696012,1.29240954,-0.8024452,-3.424652,57.29481,2.28678513,0.55,0.0,-0.05,0.0,0.0,0.0,0.0,0.0,0.0,0.0
12.3522482,DATA,1,0,0,0,0,0.0,0.0,1.04851174,1.292691,-0.8020079,-1.44659424,58.2949333,1.8694365,0.55,0.0,-0.05,0.0,0.0,0.0,0.0,0.0,0.0,0.0
12.4080219,DATA,1,0,0,0,0,0.0,0.0,1.04890561,1.29255342,-0.8019297,-1.72131348,58.6689758,1.96257734,0.55,0.0,-0.05,0.0,0.0,0.0,0.0,0.0,0.0,0.0
12.4643488,DATA,1,0,0,0,0,0.0,0.0,1.04815745,1.29258966,-0.8019712,-1.770874,59.41245,2.223482,0.55,0.0,-0.05,0.0,0.0,0.0,0.0,0.0,0.0,0.0
12.5196772,DATA,1,0,0,0,0,0.0,0.0,1.04839349,1.29259861,-0.8016031,-1.349884,60.09357,2.14724731,0.55,0.0,-0.05,0.0,0.0,0.0,0.0,0.0,0.0,0.0
12.5752182,DATA,1,0,0,0,0,0.0,0.0,1.04802346,1.29259765,-0.8015444,-1.26651,60.7051239,2.297192,0.55,0.0,-0.05,0.0,0.0,0.0,0.0,0.0,0.0,0.0
12.6298676,DATA,1,0,0,0,0,0.0,0.0,1.04806828,1.29275548,-0.8012278,-0.76361084,61.6753235,2.31558633,0.55,0.0,-0.05,0.0,0.0,0.0,0.0,0.0,0.0,0.0
12.6853714,DATA,1,0,0,0,0,0.0,0.0,1.047961,1.29274464,-0.8007095,-0.43762207,62.21396,2.415669,0.55,0.0,-0.05,0.0,0.0,0.0,0.0,0.0,0.0,0.0
12.7406969,DATA,1,0,0,0,0,0.0,0.0,1.04807222,1.29276919,-0.8004682,-0.385284424,61.9442444,2.551488,0.55,0.0,-0.05,0.0,0.0,0.0,0.0,0.0,0.0,0.0
12.7966118,DATA,1,0,0,0,0,0.0,0.0,1.04829478,1.29296863,-0.800010443,-0.164611816,61.8942,2.66657877,0.55,0.0,-0.05,0.0,0.0,0.0,0.0,0.0,0.0,0.0
12.851613,DATA,1,0,0,0,0,0.0,0.0,1.0483253,1.29279292,-0.7999904,-0.5715027,61.44012,2.524031,0.55,0.0,-0.05,0.0,0.0,0.0,0.0,0.0,0.0,0.0
12.908021,DATA,1,0,0,0,0,0.0,0.0,1.048075,1.29254115,-0.7992327,-1.25561523,61.41146,2.348115,0.55,0.0,-0.05,0.0,0.0,0.0,0.0,0.0,0.0,0.0
12.96346,DATA,1,0,0,0,0,0.0,0.0,1.0482595,1.29261827,-0.7978227,-1.48727417,61.47942,2.23907733,0.55,0.0,-0.05,0.0,0.0,0.0,0.0,0.0,0.0,0.0
13.0189734,DATA,1,0,0,0,0,0.0,0.0,1.04863334,1.292093,-0.795934439,-2.163147,61.2162476,2.21285224,0.55,0.0,-0.05,0.0,0.0,0.0,0.0,0.0,0.0,0.0
13.0744333,DATA,1,0,0,0,0,0.0,0.0,1.0488975,1.2918365,-0.793519735,-2.80084229,61.6265221,1.78652954,0.55,0.0,-0.05,0.0,0.0,0.0,0.0,0.0,0.0,0.0
13.1299286,DATA,1,0,0,0,0,0.0,0.0,1.04864144,1.29183388,-0.792742968,-3.00582886,61.9741249,1.74971986,0.55,0.0,-0.05,0.0,0.0,0.0,0.0,0.0,0.0,0.0
13.1856556,DATA,1,0,0,0,0,0.0,0.0,1.0486815,1.29183912,-0.7923591,-2.73010254,62.3556252,1.81091988,0.55,0.0,-0.05,0.0,0.0,0.0,0.0,0.0,0.0,0.0
13.2412357,DATA,1,0,0,0,0,0.0,0.0,1.04816175,1.29177928,-0.791548,-2.919403,63.22345,1.83215046,0.55,0.0,-0.05,0.0,0.0,0.0,0.0,0.0,0.0,0.0
13.29634,DATA,1,0,0,0,0,0.0,0.0,1.04780316,1.29141915,-0.790653944,-2.37194824,64.18593,1.132169,0.55,0.0,-0.05,0.0,0.0,0.0,0.0,0.0,0.0,0.0
13.3510323,DATA,1,0,0,0,0,0.0,0.0,1.04901,1.291707,-0.790295839,-0.8850708,65.30461,0.845380545,0.55,0.0,-0.05,0.0,0.0,0.0,0.0,0.0,0.0,0.0
13.4073563,DATA,1,0,0,0,0,0.0,0.0,1.04927659,1.29216957,-0.7895067,-0.303894043,65.84017,0.9455918,0.55,0.0,-0.05,0.0,0.0,0.0,0.0,0.0,0.0,0.0
13.4624052,DATA,1,0,0,0,0,0.0,0.0,1.049442,1.29233646,-0.78924346,0.152041122,65.62888,1.06750011,0.55,0.0,-0.05,0.0,0.0,0.0,0.0,0.0,0.0,0.0
13.5187654,DATA,1,0,0,0,0,0.0,0.0,1.0504272,1.292889,-0.7885473,1.38528907,65.80166,1.03770959,0.55,0.0,-0.05,0.0,0.0,0.0,0.0,0.0,0.0,0.0
13.5728731,DATA,1,0,0,0,0,0.0,0.0,1.05075383,1.29305553,-0.787977457,1.8108027,65.63909,1.29897058,0.55,0.0,-0.05,0.0,0.0,0.0,0.0,0.0,0.0,0.0
13.6286087,DATA,1,0,0,0,0,0.0,0.0,1.05128312,1.29331517,-0.787551641,2.472697,65.43824,1.48301172,0.55,0.0,-0.05,0.0,0.0,0.0,0.0,0.0,0.0,0.0
13.6843042,DATA,1,0,0,0,0,0.0,0.0,1.05183816,1.293536,-0.787199736,2.923697,65.2542648,1.51696813,0.55,0.0,-0.05,0.0,0.0,0.0,0.0,0.0,0.0,0.0
13.7401552,DATA,1,0,0,0,0,0.0,0.0,1.05187058,1.29357243,-0.787122,3.13187146,65.22949,1.66356361,0.55,0.0,-0.05,0.0,0.0,0.0,0.0,0.0,0.0,0.0
13.7960186,DATA,1,0,0,0,0,0.0,0.0,1.05252719,1.29399371,-0.7865169,3.81792164,65.2295,1.92555439,0.55,0.0,-0.05,0.0,0.0,0.0,0.0,0.0,0.0,0.0
13.8506346,DATA,1,0,0,0,0,0.0,0.0,1.05294633,1.2942183,-0.7864034,4.260424,65.39541,1.6974386,0.55,0.0,-0.05,0.0,0.0,0.0,0.0,0.0,0.0,0.0
13.9065561,DATA,1,0,0,0,0,0.0,0.0,1.05292153,1.29400814,-0.787008047,3.98465633,65.23209,1.2640934,0.55,0.0,-0.05,0.0,0.0,0.0,0.0,0.0,0.0,0.0
13.9624748,DATA,1,0,0,0,0,0.0,0.0,1.05266929,1.293766,-0.787135363,3.63661218,65.2032547,1.2757138,0.55,0.0,-0.05,0.0,0.0,0.0,0.0,0.0,0.0,0.0
14.0182219,DATA,1,0,0,0,0,0.0,0.0,1.05311847,1.29401159,-0.786987543,4.082763,65.12263,1.29625523,0.55,0.0,-0.05,0.0,0.0,0.0,0.0,0.0,0.0,0.0
14.0729733,DATA,1,0,0,0,0,0.0,0.0,1.05311847,1.29398489,-0.786987543,3.9491024,65.2133255,1.26334429,0.55,0.0,-0.05,0.0,0.0,0.0,0.0,0.0,0.0,0.0
14.1285286,DATA,1,0,0,0,0,0.0,0.0,1.05333924,1.29396749,-0.7873585,3.95724058,64.96549,1.03839481,0.55,0.0,-0.05,0.0,0.0,0.0,0.0,0.0,0.0,0.0
14.1847343,DATA,1,0,0,0,0,0.0,0.0,1.05332541,1.29394889,-0.7871592,3.977045,65.04984,1.16289437,0.55,0.0,-0.05,0.0,0.0,0.0,0.0,0.0,0.0,0.0
14.2408018,DATA,1,0,0,0,0,0.0,0.0,1.05338454,1.29389071,-0.787240744,4.02319527,65.05794,1.14287293,0.55,0.0,-0.05,0.0,0.0,0.0,0.0,0.0,0.0,0.0
14.2957859,DATA,1,0,0,0,0,0.0,0.0,1.05343366,1.29385638,-0.7874,3.960355,65.00762,1.08354151,0.55,0.0,-0.05,0.0,0.0,0.0,0.0,0.0,0.0,0.0
14.3509769,DATA,1,0,0,0,0,0.0,0.0,1.05354714,1.29387319,-0.7873161,3.9816618,65.0397949,1.13909209,0.55,0.0,-0.05,0.0,0.0,0.0,0.0,0.0,0.0,0.0
14.4065638,DATA,1,0,0,0,0,0.0,0.0,1.0536468,1.29390359,-0.787277937,4.02118969,65.015976,1.1034534,0.55,0.0,-0.05,0.0,0.0,0.0,0.0,0.0,0.0,0.0
14.4623089,DATA,1,0,0,0,0,0.0,0.0,1.05353427,1.29396808,-0.7873266,3.9706192,65.02237,1.10785186,0.55,0.0,-0.05,0.0,0.0,0.0,0.0,0.0,0.0,0.0
14.5184412,DATA,1,0,0,0,0,0.0,0.0,1.05364728,1.29402637,-0.7872522,4.00332546,65.02115,1.11936748,0.55,0.0,-0.05,0.0,0.0,0.0,0.0,0.0,0.0,0.0
14.5729694,DATA,1,0,0,0,0,0.0,0.0,1.05355716,1.29400539,-0.787219763,3.99878883,65.01603,1.10557055,0.55,0.0,-0.05,0.0,0.0,0.0,0.0,0.0,0.0,0.0
14.62898,DATA,1,0,0,0,0,0.0,0.0,1.05342317,1.29395175,-0.7872393,3.98102355,65.02739,1.11410427,0.55,0.0,-0.05,0.0,0.0,0.0,0.0,0.0,0.0,0.0
14.6841259,DATA,1,0,0,0,0,0.0,0.0,1.05349422,1.29397988,-0.7872174,4.006009,65.01722,1.103894,0.55,0.0,-0.05,0.0,0.0,0.0,0.0,0.0,0.0,0.0
14.7399817,DATA,1,0,0,0,0,0.0,0.0,1.05345988,1.29395843,-0.7872231,3.98027325,65.0245361,1.11272657,0.55,0.0,-0.05,0.0,0.0,0.0,0.0,0.0,0.0,0.0
14.7954006,DATA,1,0,0,0,0,0.0,0.0,1.05334592,1.2938621,-0.787349463,3.99297142,65.0190048,1.10292625,0.55,0.0,-0.05,0.0,0.0,0.0,0.0,0.0,0.0,0.0
14.8504457,DATA,1,0,0,0,0,0.0,0.0,1.05334067,1.29384816,-0.787349939,3.991297,65.02066,1.10682058,0.55,0.0,-0.05,0.0,0.0,0.0,0.0,0.0,0.0,0.0
14.906805,DATA,1,0,0,0,0,0.0,0.0,1.05333638,1.29383183,-0.7873466,3.99066138,65.0207748,1.10390627,0.55,0.0,-0.05,0.0,0.0,0.0,0.0,0.0,0.0,0.0
14.9617243,DATA,1,0,0,0,0,0.0,0.0,1.05325484,1.29377568,-0.7874048,3.99471,65.01843,1.10060275,0.55,0.0,-0.05,0.0,0.0,0.0,0.0,0.0,0.0,0.0
15.0179844,DATA,1,0,0,0,0,0.0,0.0,1.05317712,1.29371536,-0.7874744,3.98863149,65.01931,1.10259807,0.55,0.0,-0.05,0.0,0.0,0.0,0.0,0.0,0.0,0.0
15.0729113,DATA,1,0,0,0,0,0.0,0.0,1.05322051,1.2936939,-0.787479162,3.98991179,65.0159454,1.10072112,0.55,0.0,-0.05,0.0,0.0,0.0,0.0,0.0,0.0,0.0
15.1285152,DATA,1,0,0,0,0,0.0,0.0,1.05323052,1.2937665,-0.7874763,3.98939562,65.01915,1.1045661,0.55,0.0,-0.05,0.0,0.0,0.0,0.0,0.0,0.0,0.0
15.1842165,DATA,1,0,0,0,0,0.0,0.0,1.05321383,1.293789,-0.787537336,3.98971462,65.01288,1.10059619,0.55,0.0,-0.05,0.0,0.0,0.0,0.0,0.0,0.0,0.0
15.24042,DATA,1,0,0,0,0,0.0,0.0,1.05323386,1.293791,-0.787516832,3.99318218,65.01395,1.10383022,0.55,0.0,-0.05,0.0,0.0,0.0,0.0,0.0,0.0,0.0
15.2953529,DATA,1,0,0,0,0,0.0,0.0,1.053169,1.29375815,-0.7875216,3.986449,65.01702,1.10126865,0.55,0.0,-0.05,0.0,0.0,0.0,0.0,0.0,0.0,0.0
15.3506708,DATA,1,0,0,0,0,0.0,0.0,1.05315185,1.29380417,-0.7875197,3.99034333,65.01665,1.09875643,0.55,0.0,-0.05,0.0,0.0,0.0,0.0,0.0,0.0,0.0
15.4060745,DATA,1,0,0,0,0,0.0,0.0,1.05316329,1.29378927,-0.7875202,3.99428868,65.01773,1.09852827,0.55,0.0,-0.05,0.0,0.0,0.0,0.0,0.0,0.0,0.0
15.4620657,DATA,1,0,0,0,0,0.0,0.0,1.0531652,1.29377067,-0.7875378,3.99209285,65.0169,1.09752238,0.55,0.0,-0.05,0.0,0.0,0.0,0.0,0.0,0.0,0.0
15.5176811,DATA,1,0,0,0,0,0.0,0.0,1.05309749,1.29377413,-0.787584066,3.991499,65.01994,1.09858119,0.55,0.0,-0.05,0.0,0.0,0.0,0.0,0.0,0.0,0.0
15.57272,DATA,1,0,0,0,0,0.0,0.0,1.05312228,1.29376936,-0.7876017,3.99411273,65.01754,1.09627306,0.55,0.0,-0.05,0.0,0.0,0.0,0.0,0.0,0.0,0.0
15.628767,DATA,1,0,0,0,0,0.0,0.0,1.05315661,1.29377317,-0.7876117,3.99583149,65.01623,1.09768629,0.55,0.0,-0.05,0.0,0.0,0.0,0.0,0.0,0.0,0.0
15.68412,DATA,1,0,0,0,0,0.0,0.0,1.05312467,1.29372692,-0.7876408,3.99140167,65.01889,1.09591377,0.55,0.0,-0.05,0.0,0.0,0.0,0.0,0.0,0.0,0.0
15.739419,DATA,1,0,0,0,0,0.0,0.0,1.05310559,1.29375947,-0.7876065,3.99292564,65.02208,1.09789586,0.55,0.0,-0.05,0.0,0.0,0.0,0.0,0.0,0.0,0.0
15.79525,DATA,1,0,0,0,0,0.0,0.0,1.05311656,1.29376292,-0.7875979,3.99178028,65.0192947,1.09965146,0.55,0.0,-0.05,0.0,0.0,0.0,0.0,0.0,0.0,0.0
15.8507471,DATA,1,0,0,0,0,0.0,0.0,1.053055,1.29377341,-0.7876532,3.99650121,65.02052,1.09843373,0.55,0.0,-0.05,0.0,0.0,0.0,0.0,0.0,0.0,0.0
15.9065,DATA,1,0,0,0,0,0.0,0.0,1.05297875,1.29374957,-0.7875998,3.99121046,65.0196152,1.10010374,0.55,0.0,-0.05,0.0,0.0,0.0,0.0,0.0,0.0,0.0
15.9623365,DATA,1,0,0,0,0,0.0,0.0,1.05296969,1.29375863,-0.787595034,3.995433,65.01593,1.09680521,0.55,0.0,-0.05,0.0,0.0,0.0,0.0,0.0,0.0,0.0
16.017683,DATA,1,0,0,0,0,0.0,0.0,1.05292821,1.2937746,-0.787582636,3.99198914,65.01993,1.09904957,0.55,0.0,-0.05,0.0,0.0,0.0,0.0,0.0,0.0,0.0
16.07265,DATA,1,0,0,0,0,0.0,0.0,1.05291677,1.29374754,-0.7876203,3.99883842,65.01711,1.09533441,0.55,0.0,-0.05,0.0,0.0,0.0,0.0,0.0,0.0,0.0
16.1283588,DATA,1,0,0,0,0,0.0,0.0,1.05290961,1.29374015,-0.7876332,3.99410677,65.01876,1.09585,0.55,0.0,-0.05,0.0,0.0,0.0,0.0,0.0,0.0,0.0
16.1846638,DATA,1,0,0,0,0,0.0,0.0,1.05293155,1.293732,-0.78765893,3.97453356,65.02198,1.10829878,0.55,0.0,-0.05,0.0,0.0,0.0,0.0,0.0,0.0,0.0
16.2400665,DATA,1,0,0,0,0,0.0,0.0,1.05294824,1.293732,-0.787714243,4.018437,64.998,1.06426775,0.55,0.0,-0.05,0.0,0.0,0.0,0.0,0.0,0.0,0.0
16.29536,DATA,1,0,0,0,0,0.0,0.0,1.05290055,1.29374135,-0.78766036,3.97280145,65.04304,1.129477,0.55,0.0,-0.05,0.0,0.0,0.0,0.0,0.0,0.0,0.0
16.35073,DATA,1,0,0,0,0,0.0,0.0,1.05303454,1.29375708,-0.7877538,4.00947666,64.99177,1.05249929,0.55,0.0,-0.05,0.0,0.0,0.0,0.0,0.0,0.0,0.0
16.4065266,DATA,1,0,0,0,0,0.0,0.0,1.05295062,1.29374349,-0.787685156,3.9864924,65.0348053,1.12293923,0.55,0.0,-0.05,0.0,0.0,0.0,0.0,0.0,0.0,0.0
16.4622021,DATA,1,0,0,0,0,0.0,0.0,1.05297923,1.29376018,-0.787697554,3.99669218,65.01672,1.09427011,0.55,0.0,-0.05,0.0,0.0,0.0,0.0,0.0,0.0,0.0
16.518322,DATA,1,0,0,0,0,0.0,0.0,1.05301261,1.2937634,-0.787713766,3.996708,65.007,1.08022451,0.55,0.0,-0.05,0.0,0.0,0.0,0.0,0.0,0.0,0.0
16.57242,DATA,1,0,0,0,0,0.0,0.0,1.05301547,1.2937398,-0.7876556,3.98782134,65.028244,1.11344886,0.55,0.0,-0.05,0.0,0.0,0.0,0.0,0.0,0.0,0.0
16.6285439,DATA,1,0,0,0,0,0.0,0.0,1.053004,1.29377675,-0.7877214,4.002043,64.99822,1.0733726,0.55,0.0,-0.05,0.0,0.0,0.0,0.0,0.0,0.0,0.0
16.6841488,DATA,1,0,0,0,0,0.0,0.0,1.05297828,1.29376352,-0.7876823,3.98711967,65.0241,1.10993862,0.55,0.0,-0.05,0.0,0.0,0.0,0.0,0.0,0.0,0.0
16.7394543,DATA,1,0,0,0,0,0.0,0.0,1.05300736,1.29376328,-0.7877424,4.001062,65.00454,1.07924163,0.55,0.0,-0.05,0.0,0.0,0.0,0.0,0.0,0.0,0.0
16.7951069,DATA,1,0,0,0,0,0.0,0.0,1.053067,1.293816,-0.7877176,3.985657,65.01617,1.09912753,0.55,0.0,-0.05,0.0,0.0,0.0,0.0,0.0,0.0,0.0
16.8499584,DATA,1,0,0,0,0,0.0,0.0,1.05311418,1.29380679,-0.787761,4.00364447,65.00813,1.08945978,0.55,0.0,-0.05,0.0,0.0,0.0,0.0,0.0,0.0,0.0
16.9066658,DATA,1,0,0,0,0,0.0,0.0,1.053138,1.29377508,-0.7877767,3.98640537,65.01252,1.0931139,0.55,0.0,-0.05,0.0,0.0,0.0,0.0,0.0,0.0,0.0
16.961832,DATA,1,0,0,0,0,0.0,0.0,1.05309272,1.29379916,-0.787776232,3.998684,65.012146,1.09406888,0.55,0.0,-0.05,0.0,0.0,0.0,0.0,0.0,0.0,0.0
17.0179844,DATA,1,0,0,0,0,0.0,0.0,1.05302167,1.29380953,-0.7877524,4.00418758,65.0086441,1.08890867,0.55,0.0,-0.05,0.0,0.0,0.0,0.0,0.0,0.0,0.0
17.0726414,DATA,1,0,0,0,0,0.0,0.0,1.05300689,1.29382217,-0.7876756,4.005847,65.02175,1.10987151,0.55,0.0,-0.05,0.0,0.0,0.0,0.0,0.0,0.0,0.0
17.1278038,DATA,1,0,0,0,0,0.0,0.0,1.0530436,1.29386091,-0.7876928,4.00334,65.01224,1.08789957,0.55,0.0,-0.05,0.0,0.0,0.0,0.0,0.0,0.0,0.0
17.1844158,DATA,1,0,0,0,0,0.0,0.0,1.052985,1.2938875,-0.787660837,4.002165,65.01504,1.096981,0.55,0.0,-0.05,0.0,0.0,0.0,0.0,0.0,0.0,0.0
17.239666,DATA,1,0,0,0,0,0.0,0.0,1.0530026,1.29390693,-0.7876203,3.99826312,65.02834,1.10975087,0.55,0.0,-0.05,0.0,0.0,0.0,0.0,0.0,0.0,0.0
17.2950344,DATA,1,0,0,0,0,0.0,0.0,1.05304122,1.29394376,-0.787657,4.01463032,65.00347,1.08115,0.55,0.0,-0.05,0.0,0.0,0.0,0.0,0.0,0.0,0.0
17.3504028,DATA,1,0,0,0,0,0.0,0.0,1.05291963,1.29386473,-0.787658,3.989803,65.02824,1.11618829,0.55,0.0,-0.05,0.0,0.0,0.0,0.0,0.0,0.0,0.0
17.4059467,DATA,1,0,0,0,0,0.0,0.0,1.05296063,1.29388428,-0.78768754,4.00711346,65.006424,1.08387756,0.55,0.0,-0.05,0.0,0.0,0.0,0.0,0.0,0.0,0.0
17.4617233,DATA,1,0,0,0,0,0.0,0.0,1.05294538,1.29389226,-0.7876642,3.999278,65.02168,1.10207832,0.55,0.0,-0.05,0.0,0.0,0.0,0.0,0.0,0.0,0.0
17.517868,DATA,1,0,0,0,0,0.0,0.0,1.05288434,1.29389966,-0.78771615,4.004997,65.01624,1.09463286,0.55,0.0,-0.05,0.0,0.0,0.0,0.0,0.0,0.0,0.0
17.5723381,DATA,1,0,0,0,0,0.0,0.0,1.0528872,1.29389954,-0.7877338,4.00347233,65.0129242,1.08990324,0.55,0.0,-0.05,0.0,0.0,0.0,0.0,0.0,0.0,0.0
17.6275826,DATA,1,0,0,0,0,0.0,0.0,1.05289531,1.29389751,-0.787718058,3.995057,65.0220947,1.10375714,0.55,0.0,-0.05,0.0,0.0,0.0,0.0,0.0,0.0,0.0
17.68379,DATA,1,0,0,0,0,0.0,0.0,1.05287766,1.293886,-0.787781954,4.01194859,65.00787,1.08540869,0.55,0.0,-0.05,0.0,0.0,0.0,0.0,0.0,0.0,0.0
17.7394371,DATA,1,0,0,0,0,0.0,0.0,1.05283523,1.29381871,-0.787770033,3.99223185,65.02171,1.10435283,0.55,0.0,-0.05,0.0,0.0,0.0,0.0,0.0,0.0,0.0
17.7955036,DATA,1,0,0,0,0,0.0,0.0,1.05283093,1.293839,-0.787771,4.00812769,65.00788,1.0737077,0.55,0.0,-0.05,0.0,0.0,0.0,0.0,0.0,0.0,0.0
17.8500576,DATA,1,0,0,0,0,0.0,0.0,1.05278754,1.29375017,-0.787767649,3.98772264,65.0309753,1.110205,0.55,0.0,-0.05,0.0,0.0,0.0,0.0,0.0,0.0,0.0
17.9059772,DATA,1,0,0,0,0,0.0,0.0,1.05281854,1.29379749,-0.7878258,4.01302338,65.00305,1.0738765,0.55,0.0,-0.05,0.0,0.0,0.0,0.0,0.0,0.0,0.0
17.9611912,DATA,1,0,0,0,0,0.0,0.0,1.05277753,1.2937746,-0.787767649,3.98761868,65.03153,1.11245048,0.55,0.0,-0.05,0.0,0.0,0.0,0.0,0.0,0.0,0.0
18.0172062,DATA,1,0,0,0,0,0.0,0.0,1.05282283,1.29380763,-0.787829161,4.00072765,65.00366,1.07599783,0.55,0.0,-0.05,0.0,0.0,0.0,0.0,0.0,0.0,0.0
18.072834,DATA,1,0,0,0,0,0.0,0.0,1.05279946,1.29382777,-0.7877958,4.00204039,65.0176239,1.0880543,0.55,0.0,-0.05,0.0,0.0,0.0,0.0,0.0,0.0,0.0
18.1273365,DATA,1,0,0,0,0,0.0,0.0,1.05278039,1.29385376,-0.7877567,3.994759,65.03004,1.10654628,0.55,0.0,-0.05,0.0,0.0,0.0,0.0,0.0,0.0,0.0
18.1843243,DATA,1,0,0,0,0,0.0,0.0,1.05280662,1.29386473,-0.787780046,4.0012784,65.00762,1.07501054,0.55,0.0,-0.05,0.0,0.0,0.0,0.0,0.0,0.0,0.0
18.238842,DATA,1,0,0,0,0,0.0,0.0,1.05277514,1.29386187,-0.7877896,3.995669,65.02638,1.10669553,0.55,0.0,-0.05,0.0,0.0,0.0,0.0,0.0,0.0,0.0
18.2949,DATA,1,0,0,0,0,0.0,0.0,1.05283523,1.29389417,-0.7878163,4.00923634,65.00682,1.07479882,0.55,0.0,-0.05,0.0,0.0,0.0,0.0,0.0,0.0,0.0
18.350029,DATA,1,0,0,0,0,0.0,0.0,1.05283713,1.29390717,-0.7877772,3.99486661,65.02565,1.10014653,0.55,0.0,-0.05,0.0,0.0,0.0,0.0,0.0,0.0,0.0
18.4062328,DATA,1,0,0,0,0,0.0,0.0,1.05282521,1.29383671,-0.7878401,4.000325,65.01445,1.08479488,0.55,0.0,-0.05,0.0,0.0,0.0,0.0,0.0,0.0,0.0
18.4618454,DATA,1,0,0,0,0,0.0,0.0,1.05280423,1.2938596,-0.7878158,3.99671,65.02102,1.08739221,0.55,0.0,-0.05,0.0,0.0,0.0,0.0,0.0,0.0,0.0
18.51772,DATA,1,0,0,0,0,0.0,0.0,1.05281091,1.29386866,-0.7878125,3.99955344,65.01746,1.08984828,0.55,0.0,-0.05,0.0,0.0,0.0,0.0,0.0,0.0,0.0
18.5722866,DATA,1,0,0,0,0,0.0,0.0,1.05277181,1.29386485,-0.787824869,3.997081,65.01985,1.08295214,0.55,0.0,-0.05,0.0,0.0,0.0,0.0,0.0,0.0,0.0
18.627861,DATA,1,0,0,0,0,0.0,0.0,1.05277944,1.29387271,-0.7878125,4.000509,65.0173645,1.09417534,0.55,0.0,-0.05,0.0,0.0,0.0,0.0,0.0,0.0,0.0
18.68422,DATA,1,0,0,0,0,0.0,0.0,1.05280948,1.29386353,-0.787816763,4.00085831,65.0138,1.08172214,0.55,0.0,-0.05,0.0,0.0,0.0,0.0,0.0,0.0,0.0
18.73888,DATA,1,0,0,0,0,0.0,0.0,1.0528214,1.29385448,-0.7878134,3.994915,65.02153,1.09580529,0.55,0.0,-0.05,0.0,0.0,0.0,0.0,0.0,0.0,0.0
18.794981,DATA,1,0,0,0,0,0.0,0.0,1.0528605,1.2938838,-0.787804842,4.001805,65.0130844,1.08385229,0.55,0.0,-0.05,0.0,0.0,0.0,0.0,0.0,0.0,0.0
18.8501167,DATA,1,0,0,0,0,0.0,0.0,1.05285192,1.29386449,-0.7878072,3.99054027,65.01898,1.09758556,0.55,0.0,-0.05,0.0,0.0,0.0,0.0,0.0,0.0,0.0
18.9065533,DATA,1,0,0,0,0,0.0,0.0,1.05285668,1.29383862,-0.787843943,3.99898529,65.01145,1.084984,0.55,0.0,-0.05,0.0,0.0,0.0,0.0,0.0,0.0,0.0
18.9619045,DATA,1,0,0,0,0,0.0,0.0,1.05279756,1.29387426,-0.7878721,3.99792743,65.02026,1.0964483,0.55,0.0,-0.05,0.0,0.0,0.0,0.0,0.0,0.0,0.0
19.0174847,DATA,1,0,0,0,0,0.0,0.0,1.05279088,1.29385,-0.7878654,3.99558687,65.01683,1.08898723,0.55,0.0,-0.05,0.0,0.0,0.0,0.0,0.0,0.0,0.0
19.0727673,DATA,1,0,0,0,0,0.0,0.0,1.05279326,1.2938509,-0.7878487,3.997039,65.01674,1.08537829,0.55,0.0,-0.05,0.0,0.0,0.0,0.0,0.0,0.0,0.0
19.1279945,DATA,1,0,0,0,0,0.0,0.0,1.05270457,1.29387546,-0.7878969,3.98413253,65.0198746,1.09700692,0.55,0.0,-0.05,0.0,0.0,0.0,0.0,0.0,0.0,0.0
19.18387,DATA,1,0,0,0,0,0.0,0.0,1.05271554,1.29388261,-0.787905,4.003806,65.0137939,1.08154714,0.55,0.0,-0.05,0.0,0.0,0.0,0.0,0.0,0.0,0.0
19.2394924,DATA,1,0,0,0,0,0.0,0.0,1.05270982,1.29390943,-0.7879069,3.99187255,65.0268555,1.10706341,0.55,0.0,-0.05,0.0,0.0,0.0,0.0,0.0,0.0,0.0
19.2947884,DATA,1,0,0,0,0,0.0,0.0,1.05274558,1.29391932,-0.78799367,4.0124445,65.00435,1.07016456,0.55,0.0,-0.05,0.0,0.0,0.0,0.0,0.0,0.0,0.0
19.35026,DATA,1,0,0,0,0,0.0,0.0,1.05263257,1.29388738,-0.787987,3.99329138,65.0255051,1.10519016,0.55,0.0,-0.05,0.0,0.0,0.0,0.0,0.0,0.0,0.0
