recordType,timestamp,headPositionX,headPositionY,headPositionZ,headRotationX,headRotationY,headRotationZ,playerPositionX,playerPositionY,playerPositionZ,playerRotationX,playerRotationY,playerRotationZ,rightControllerPositionX,rightControllerPositionY,rightControllerPositionZ,rightControllerRotationX,rightControllerRotationY,rightControllerRotationZ,leftControllerPositionX,leftControllerPositionY,leftControllerPositionZ,leftControllerRotationX,leftControllerRotationY,leftControllerRotationZ,rightThumbstickX,rightThumbstickY,rightTrigger,rightGrab,leftThumbstickX,leftThumbstickY,leftTrigger,mazeNumber,attemptNumber,collectedCoins,totalCoins,totalScore,mazeElapsedTime,totalGameElapsedTime,participantName,participantID,serverReceivedTime,eventType,eventName,eventMessage
DATA,2.686,-6.0,0.788228035,-7.6,0.0,0.0,0.0,-6.0,-0.0117719769,-6.0,0.0,0.0,0.0,-6.0,0.788228035,-7.6,0.0,0.0,0.0,-6.0,0.788228035,-7.6,0.0,0.0,0.0,0.0,0.0,0.0,0.0,0.0,0.0,0.0,0,0,0,0,0,0.0,0.0,Erfan,Aminipour,2026-09-18T13:52:58.610640,,,
DATA,3.081,-6.0,0.668834865,-7.6,0.0,0.0,0.0,-6.0,-0.131165147,-6.0,0.0,0.0,0.0,-6.0,0.668834865,-7.6,0.0,0.0,0.0,-6.0,0.668834865,-7.6,0.0,0.0,0.0,0.0,0.0,0.0,0.0,0.0,0.0,0.0,0,0,0,0,0,0.0,0.0,Erfan,Aminipour,2026-09-18T13:52:58.659777,,,
DATA,3.112,-6.0,0.44,-7.6,0.0,0.0,0.0,-6.0,-0.36,-6.0,0.0,0.0,0.0,-6.0,0.44,-7.6,0.0,0.0,0.0,-6.0,0.44,-7.6,0.0,0.0,0.0,0.0,0.0,0.0,0.0,0.0,0.0,0.0,0,0,0,0,0,0.0,0.0,Erfan,Aminipour,2026-09-18T13:52:58.685924,,,
DATA,3.12,-6.0,0.44,-7.6,0.0,0.0,0.0,-6.0,-0.36,-6.0,0.0,0.0,0.0,-6.0,0.44,-7.6,0.0,0.0,0.0,-6.0,0.44,-7.6,0.0,0.0,0.0,0.0,0.0,0.0,0.0,0.0,0.0,0.0,0,0,0,0,0,0.0,0.0,Erfan,Aminipour,2026-09-18T13:52:58.718389,,,
DATA,3.132,-6.0,0.439999938,-7.6,0.0,0.0,0.0,-6.0,-0.360000074,-6.0,0.0,0.0,0.0,-6.0,0.439999938,-7.6,0.0,0.0,0.0,-6.0,0.439999938,-7.6,0.0,0.0,0.0,0.0,0.0,0.0,0.0,0.0,0.0,0.0,0,0,0,0,0,0.0,0.0,Erfan,Aminipour,2026-09-18T13:52:58.754613,,,
DATA,3.138,-6.0,0.439999938,-7.6,0.0,0.0,0.0,-6.0,-0.360000074,-6.0,0.0,0.0,0.0,-6.0,0.439999938,-7.6,0.0,0.0,0.0,-6.0,0.439999938,-7.6,0.0,0.0,0.0,0.0,0.0,0.0,0.0,0.0,0.0,0.0,0,0,0,0,0,0.0,0.0,Erfan,Aminipour,2026-09-18T13:52:58.785008,,,
DATA,3.146,-6.0,0.439999938,-7.6,0.0,0.0,0.0,-6.0,-0.360000074,-6.0,0.0,0.0,0.0,-6.0,0.439999938,-7.6,0.0,0.0,0.0,-6.0,0.439999938,-7.6,0.0,0.0,0.0,0.0,0.0,0.0,0.0,0.0,0.0,0.0,0,0,0,0,0,0.0,0.0,Erfan,Aminipour,2026-09-18T13:52:58.815225,,,
DATA,3.158,-6.0,0.439999938,-7.6,0.0,0.0,0.0,-6.0,-0.360000074,-6.0,0.0,0.0,0.0,-6.0,0.439999938,-7.6,0.0,0.0,0.0,-6.0,0.439999938,-7.6,0.0,0.0,0.0,0.0,0.0,0.0,0.0,0.0,0.0,0.0,0,0,0,0,0,0.0,0.0,Erfan,Aminipour,2026-09-18T13:52:58.832317,,,
DATA,3.168,-6.0,0.439999938,-7.6,0.0,0.0,0.0,-6.0,-0.360000074,-6.0,0.0,0.0,0.0,-6.0,0.439999938,-7.6,0.0,0.0,0.0,-6.0,0.439999938,-7.6,0.0,0.0,0.0,0.0,0.0,0.0,0.0,0.0,0.0,0.0,0,0,0,0,0,0.0,0.0,Erfan,Aminipour,2026-09-18T13:52:58.847341,,,
DATA,3.179,-6.0,0.439999938,-7.6,0.0,0.0,0.0,-6.0,-0.360000074,-6.0,0.0,0.0,0.0,-6.0,0.439999938,-7.6,0.0,0.0,0.0,-6.0,0.439999938,-7.6,0.0,0.0,0.0,0.0,0.0,0.0,0.0,0.0,0.0,0.0,0,0,0,0,0,0.0,0.0,Erfan,Aminipour,2026-09-18T13:52:58.861961,,,
DATA,3.19,-6.0,0.439999938,-7.6,0.0,0.0,0.0,-6.0,-0.360000074,-6.0,0.0,0.0,0.0,-6.0,0.439999938,-7.6,0.0,0.0,0.0,-6.0,0.439999938,-7.6,0.0,0.0,0.0,0.0,0.0,0.0,0.0,0.0,0.0,0.0,0,0,0,0,0,0.0,0.0,Erfan,Aminipour,2026-09-18T13:52:58.875104,,,
DATA,3.236,-6.0,0.439999938,-7.6,0.0,0.0,0.0,-6.0,-0.360000074,-6.0,0.0,0.0,0.0,-6.0,0.439999938,-7.6,0.0,0.0,0.0,-6.0,0.439999938,-7.6,0.0,0.0,0.0,0.0,0.0,0.0,0.0,0.0,0.0,0.0,0,0,0,0,0,0.0,0.0,Erfan,Aminipour,2026-09-18T13:52:58.890278,,,
DATA,3.287,-6.0,0.439999938,-7.6,0.0,0.0,0.0,-6.0,-0.360000074,-6.0,0.0,0.0,0.0,-6.0,0.439999938,-7.6,0.0,0.0,0.0,-6.0,0.439999938,-7.6,0.0,0.0,0.0,0.0,0.0,0.0,0.0,0.0,0.0,0.0,0,0,0,0,0,0.0,0.0,Erfan,Aminipour,2026-09-18T13:52:58.904341,,,
DATA,3.338,-6.0,0.439999938,-7.6,0.0,0.0,0.0,-6.0,-0.360000074,-6.0,0.0,0.0,0.0,-6.0,0.439999938,-7.6,0.0,0.0,0.0,-6.0,0.439999938,-7.6,0.0,0.0,0.0,0.0,0.0,0.0,0.0,0.0,0.0,0.0,0,0,0,0,0,0.0,0.0,Erfan,Aminipour,2026-09-18T13:52:58.920611,,,
DATA,3.388,-6.0,0.439999938,-7.6,0.0,0.0,0.0,-6.0,-0.360000074,-6.0,0.0,0.0,0.0,-6.0,0.439999938,-7.6,0.0,0.0,0.0,-6.0,0.439999938,-7.6,0.0,0.0,0.0,0.0,0.0,0.0,0.0,0.0,0.0,0.0,0,0,0,0,0,0.0,0.0,Erfan,Aminipour,2026-09-18T13:52:58.936880,,,
DATA,3.438,-6.0,0.439999938,-7.6,0.0,0.0,0.0,-6.0,-0.360000074,-6.0,0.0,0.0,0.0,-6.0,0.439999938,-7.6,0.0,0.0,0.0,-6.0,0.439999938,-7.6,0.0,0.0,0.0,0.0,0.0,0.0,0.0,0.0,0.0,0.0,0,0,0,0,0,0.0,0.0,Erfan,Aminipour,2026-09-18T13:52:58.970503,,,
DATA,3.487,-6.0,0.439999938,-7.6,0.0,0.0,0.0,-6.0,-0.360000074,-6.0,0.0,0.0,0.0,-6.0,0.439999938,-7.6,0.0,0.0,0.0,-6.0,0.439999938,-7.6,0.0,0.0,0.0,0.0,0.0,0.0,0.0,0.0,0.0,0.0,0,0,0,0,0,0.0,0.0,Erfan,Aminipour,2026-09-18T13:52:59.019030,,,
DATA,3.535,-6.0,0.439999938,-7.6,0.0,0.0,0.0,-6.0,-0.360000074,-6.0,0.0,0.0,0.0,-6.0,0.439999938,-7.6,0.0,0.0,0.0,-6.0,0.439999938,-7.6,0.0,0.0,0.0,0.0,0.0,0.0,0.0,0.0,0.0,0.0,0,0,0,0,0,0.0,0.0,Erfan,Aminipour,2026-09-18T13:52:59.068636,,,
DATA,3.583,-6.0,0.439999938,-7.6,0.0,0.0,0.0,-6.0,-0.360000074,-6.0,0.0,0.0,0.0,-6.0,0.439999938,-7.6,0.0,0.0,0.0,-6.0,0.439999938,-7.6,0.0,0.0,0.0,0.0,0.0,0.0,0.0,0.0,0.0,0.0,0,0,0,0,0,0.0,0.0,Erfan,Aminipour,2026-09-18T13:52:59.117748,,,
DATA,3.634,-6.0,0.439999938,-7.6,0.0,0.0,0.0,-6.0,-0.360000074,-6.0,0.0,0.0,0.0,-6.0,0.439999938,-7.6,0.0,0.0,0.0,-6.0,0.439999938,-7.6,0.0,0.0,0.0,0.0,0.0,0.0,0.0,0.0,0.0,0.0,0,0,0,0,0,0.0,0.0,Erfan,Aminipour,2026-09-18T13:52:59.168171,,,
DATA,3.684,-6.0,0.439999938,-7.6,0.0,0.0,0.0,-6.0,-0.360000074,-6.0,0.0,0.0,0.0,-6.0,0.439999938,-7.6,0.0,0.0,0.0,-6.0,0.439999938,-7.6,0.0,0.0,0.0,0.0,0.0,0.0,0.0,0.0,0.0,0.0,0,0,0,0,0,0.0,0.0,Erfan,Aminipour,2026-09-18T13:52:59.216220,,,
DATA,3.736,-6.0,0.439999938,-7.6,0.0,0.0,0.0,-6.0,-0.360000074,-6.0,0.0,0.0,0.0,-6.0,0.439999938,-7.6,0.0,0.0,0.0,-6.0,0.439999938,-7.6,0.0,0.0,0.0,0.0,0.0,0.0,0.0,0.0,0.0,0.0,0,0,0,0,0,0.0,0.0,Erfan,Aminipour,2026-09-18T13:52:59.269227,,,
DATA,3.787,-6.0,0.439999938,-7.6,0.0,0.0,0.0,-6.0,-0.360000074,-6.0,0.0,0.0,0.0,-6.0,0.439999938,-7.6,0.0,0.0,0.0,-6.0,0.439999938,-7.6,0.0,0.0,0.0,0.0,0.0,0.0,0.0,0.0,0.0,0.0,0,0,0,0,0,0.0,0.0,Erfan,Aminipour,2026-09-18T13:52:59.319621,,,
DATA,3.837,-6.0,0.439999938,-7.6,0.0,0.0,0.0,-6.0,-0.360000074,-6.0,0.0,0.0,0.0,-6.0,0.439999938,-7.6,0.0,0.0,0.0,-6.0,0.439999938,-7.6,0.0,0.0,0.0,0.0,0.0,0.0,0.0,0.0,0.0,0.0,0,0,0,0,0,0.0,0.0,Erfan,Aminipour,2026-09-18T13:52:59.369560,,,
DATA,3.884,-6.0,0.439999938,-7.6,0.0,0.0,0.0,-6.0,-0.360000074,-6.0,0.0,0.0,0.0,-6.0,0.439999938,-7.6,0.0,0.0,0.0,-6.0,0.439999938,-7.6,0.0,0.0,0.0,0.0,0.0,0.0,0.0,0.0,0.0,0.0,0,0,0,0,0,0.0,0.0,Erfan,Aminipour,2026-09-18T13:52:59.416644,,,
DATA,3.938,-6.0,0.439999938,-7.6,0.0,0.0,0.0,-6.0,-0.360000074,-6.0,0.0,0.0,0.0,-6.0,0.439999938,-7.6,0.0,0.0,0.0,-6.0,0.439999938,-7.6,0.0,0.0,0.0,0.0,0.0,0.0,0.0,0.0,0.0,0.0,0,0,0,0,0,0.0,0.0,Erfan,Aminipour,2026-09-18T13:52:59.470494,,,
DATA,3.987,-6.0,0.439999938,-7.6,0.0,0.0,0.0,-6.0,-0.360000074,-6.0,0.0,0.0,0.0,-6.0,0.439999938,-7.6,0.0,0.0,0.0,-6.0,0.439999938,-7.6,0.0,0.0,0.0,0.0,0.0,0.0,0.0,0.0,0.0,0.0,0,0,0,0,0,0.0,0.0,Erfan,Aminipour,2026-09-18T13:52:59.518456,,,
DATA,4.036,-6.0,0.439999938,-7.6,0.0,0.0,0.0,-6.0,-0.360000074,-6.0,0.0,0.0,0.0,-6.0,0.439999938,-7.6,0.0,0.0,0.0,-6.0,0.439999938,-7.6,0.0,0.0,0.0,0.0,0.0,0.0,0.0,0.0,0.0,0.0,0,0,0,0,0,0.0,0.0,Erfan,Aminipour,2026-09-18T13:52:59.568878,,,
DATA,4.087,-6.0,0.439999938,-7.6,0.0,0.0,0.0,-6.0,-0.360000074,-6.0,0.0,0.0,0.0,-6.0,0.439999938,-7.6,0.0,0.0,0.0,-6.0,0.439999938,-7.6,0.0,0.0,0.0,0.0,0.0,0.0,0.0,0.0,0.0,0.0,0,0,0,0,0,0.0,0.0,Erfan,Aminipour,2026-09-18T13:52:59.619365,,,
DATA,4.134,-6.0,0.439999938,-7.6,0.0,0.0,0.0,-6.0,-0.360000074,-6.0,0.0,0.0,0.0,-6.0,0.439999938,-7.6,0.0,0.0,0.0,-6.0,0.439999938,-7.6,0.0,0.0,0.0,0.0,0.0,0.0,0.0,0.0,0.0,0.0,0,0,0,0,0,0.0,0.0,Erfan,Aminipour,2026-09-18T13:52:59.667659,,,
DATA,4.187,-6.0,0.439999938,-7.6,0.0,0.0,0.0,-6.0,-0.360000074,-6.0,0.0,0.0,0.0,-6.0,0.439999938,-7.6,0.0,0.0,0.0,-6.0,0.439999938,-7.6,0.0,0.0,0.0,0.0,0.0,0.0,0.0,0.0,0.0,0.0,0,0,0,0,0,0.0,0.0,Erfan,Aminipour,2026-09-18T13:52:59.720408,,,
DATA,4.236,-6.0,0.439999938,-7.6,0.0,0.0,0.0,-6.0,-0.360000074,-6.0,0.0,0.0,0.0,-6.0,0.439999938,-7.6,0.0,0.0,0.0,-6.0,0.439999938,-7.6,0.0,0.0,0.0,0.0,0.0,0.0,0.0,0.0,0.0,0.0,0,0,0,0,0,0.0,0.0,Erfan,Aminipour,2026-09-18T13:52:59.768064,,,
DATA,4.287,-6.0,0.439999938,-7.6,0.0,0.0,0.0,-6.0,-0.360000074,-6.0,0.0,0.0,0.0,-6.0,0.439999938,-7.6,0.0,0.0,0.0,-6.0,0.439999938,-7.6,0.0,0.0,0.0,0.0,0.0,0.0,0.0,0.0,0.0,0.0,0,0,0,0,0,0.0,0.0,Erfan,Aminipour,2026-09-18T13:52:59.819664,,,
DATA,4.336,-6.0,0.439999938,-7.6,0.0,0.0,0.0,-6.0,-0.360000074,-6.0,0.0,0.0,0.0,-6.0,0.439999938,-7.6,0.0,0.0,0.0,-6.0,0.439999938,-7.6,0.0,0.0,0.0,0.0,0.0,0.0,0.0,0.0,0.0,0.0,0,0,0,0,0,0.0,0.0,Erfan,Aminipour,2026-09-18T13:52:59.868773,,,
DATA,4.386,-6.0,0.439999938,-7.6,0.0,0.0,0.0,-6.0,-0.360000074,-6.0,0.0,0.0,0.0,-6.0,0.439999938,-7.6,0.0,0.0,0.0,-6.0,0.439999938,-7.6,0.0,0.0,0.0,0.0,0.0,0.0,0.0,0.0,0.0,0.0,0,0,0,0,0,0.0,0.0,Erfan,Aminipour,2026-09-18T13:52:59.919864,,,
DATA,4.438,-6.0,0.439999938,-7.6,0.0,0.0,0.0,-6.0,-0.360000074,-6.0,0.0,0.0,0.0,-6.0,0.439999938,-7.6,0.0,0.0,0.0,-6.0,0.439999938,-7.6,0.0,0.0,0.0,0.0,0.0,0.0,0.0,0.0,0.0,0.0,0,0,0,0,0,0.0,0.0,Erfan,Aminipour,2026-09-18T13:52:59.971850,,,
DATA,4.486,-6.0,0.439999938,-7.6,0.0,0.0,0.0,-6.0,-0.360000074,-6.0,0.0,0.0,0.0,-6.0,0.439999938,-7.6,0.0,0.0,0.0,-6.0,0.439999938,-7.6,0.0,0.0,0.0,0.0,0.0,0.0,0.0,0.0,0.0,0.0,0,0,0,0,0,0.0,0.0,Erfan,Aminipour,2026-09-18T13:53:00.020199,,,
DATA,4.538,-6.0,0.439999938,-7.6,0.0,0.0,0.0,-6.0,-0.360000074,-6.0,0.0,0.0,0.0,-6.0,0.439999938,-7.6,0.0,0.0,0.0,-6.0,0.439999938,-7.6,0.0,0.0,0.0,0.0,0.0,0.0,0.0,0.0,0.0,0.0,0,0,0,0,0,0.0,0.0,Erfan,Aminipour,2026-09-18T13:53:00.073541,,,
DATA,4.585,-6.0,0.439999938,-7.6,0.0,0.0,0.0,-6.0,-0.360000074,-6.0,0.0,0.0,0.0,-6.0,0.439999938,-7.6,0.0,0.0,0.0,-6.0,0.439999938,-7.6,0.0,0.0,0.0,0.0,0.0,0.0,0.0,0.0,0.0,0.0,0,0,0,0,0,0.0,0.0,Erfan,Aminipour,2026-09-18T13:53:00.116887,,,
DATA,4.636,-6.0,0.439999938,-7.6,0.0,0.0,0.0,-6.0,-0.360000074,-6.0,0.0,0.0,0.0,-6.0,0.439999938,-7.6,0.0,0.0,0.0,-6.0,0.439999938,-7.6,0.0,0.0,0.0,0.0,0.0,0.0,0.0,0.0,0.0,0.0,0,0,0,0,0,0.0,0.0,Erfan,Aminipour,2026-09-18T13:53:00.168450,,,
DATA,4.687,-6.0,0.439999938,-7.6,0.0,0.0,0.0,-6.0,-0.360000074,-6.0,0.0,0.0,0.0,-6.0,0.439999938,-7.6,0.0,0.0,0.0,-6.0,0.439999938,-7.6,0.0,0.0,0.0,0.0,0.0,0.0,0.0,0.0,0.0,0.0,0,0,0,0,0,0.0,0.0,Erfan,Aminipour,2026-09-18T13:53:00.220212,,,
DATA,4.737,-6.0,0.439999938,-7.6,0.0,0.0,0.0,-6.0,-0.360000074,-6.0,0.0,0.0,0.0,-6.0,0.439999938,-7.6,0.0,0.0,0.0,-6.0,0.439999938,-7.6,0.0,0.0,0.0,0.0,0.0,0.0,0.0,0.0,0.0,0.0,0,0,0,0,0,0.0,0.0,Erfan,Aminipour,2026-09-18T13:53:00.270133,,,
DATA,4.785,-6.0,0.439999938,-7.6,0.0,0.0,0.0,-6.0,-0.360000074,-6.0,0.0,0.0,0.0,-6.0,0.439999938,-7.6,0.0,0.0,0.0,-6.0,0.439999938,-7.6,0.0,0.0,0.0,0.0,0.0,0.0,0.0,0.0,0.0,0.0,0,0,0,0,0,0.0,0.0,Erfan,Aminipour,2026-09-18T13:53:00.318384,,,
DATA,4.836,-6.0,0.439999938,-7.6,0.0,0.0,0.0,-6.0,-0.360000074,-6.0,0.0,0.0,0.0,-6.0,0.439999938,-7.6,0.0,0.0,0.0,-6.0,0.439999938,-7.6,0.0,0.0,0.0,0.0,0.0,0.0,0.0,0.0,0.0,0.0,0,0,0,0,0,0.0,0.0,Erfan,Aminipour,2026-09-18T13:53:00.367412,,,
DATA,4.885,-6.0,0.439999938,-7.6,0.0,0.0,0.0,-6.0,-0.360000074,-6.0,0.0,0.0,0.0,-6.0,0.439999938,-7.6,0.0,0.0,0.0,-6.0,0.439999938,-7.6,0.0,0.0,0.0,0.0,0.0,0.0,0.0,0.0,0.0,0.0,0,0,0,0,0,0.0,0.0,Erfan,Aminipour,2026-09-18T13:53:00.419616,,,
DATA,4.937,-6.0,0.439999938,-7.6,0.0,0.0,0.0,-6.0,-0.360000074,-6.0,0.0,0.0,0.0,-6.0,0.439999938,-7.6,0.0,0.0,0.0,-6.0,0.439999938,-7.6,0.0,0.0,0.0,0.0,0.0,0.0,0.0,0.0,0.0,0.0,0,0,0,0,0,0.0,0.0,Erfan,Aminipour,2026-09-18T13:53:00.470023,,,
DATA,4.985,-6.0,0.439999938,-7.6,0.0,0.0,0.0,-6.0,-0.360000074,-6.0,0.0,0.0,0.0,-6.0,0.439999938,-7.6,0.0,0.0,0.0,-6.0,0.439999938,-7.6,0.0,0.0,0.0,0.0,0.0,0.0,0.0,0.0,0.0,0.0,0,0,0,0,0,0.0,0.0,Erfan,Aminipour,2026-09-18T13:53:00.517642,,,
DATA,5.034,-6.0,0.439999938,-7.6,0.0,0.0,0.0,-6.0,-0.360000074,-6.0,0.0,0.0,0.0,-6.0,0.439999938,-7.6,0.0,0.0,0.0,-6.0,0.439999938,-7.6,0.0,0.0,0.0,0.0,0.0,0.0,0.0,0.0,0.0,0.0,0,0,0,0,0,0.0,0.0,Erfan,Aminipour,2026-09-18T13:53:00.567715,,,
DATA,5.087,-6.0,0.439999938,-7.6,0.0,0.0,0.0,-6.0,-0.360000074,-6.0,0.0,0.0,0.0,-6.0,0.439999938,-7.6,0.0,0.0,0.0,-6.0,0.439999938,-7.6,0.0,0.0,0.0,0.0,0.0,0.0,0.0,0.0,0.0,0.0,0,0,0,0,0,0.0,0.0,Erfan,Aminipour,2026-09-18T13:53:00.620411,,,
DATA,5.137,-6.0,0.439999938,-7.6,0.0,0.0,0.0,-6.0,-0.360000074,-6.0,0.0,0.0,0.0,-6.0,0.439999938,-7.6,0.0,0.0,0.0,-6.0,0.439999938,-7.6,0.0,0.0,0.0,0.0,0.0,0.0,0.0,0.0,0.0,0.0,0,0,0,0,0,0.0,0.0,Erfan,Aminipour,2026-09-18T13:53:00.670389,,,
DATA,5.185,-6.0,0.439999938,-7.6,0.0,0.0,0.0,-6.0,-0.360000074,-6.0,0.0,0.0,0.0,-6.0,0.439999938,-7.6,0.0,0.0,0.0,-6.0,0.439999938,-7.6,0.0,0.0,0.0,0.0,0.0,0.0,0.0,0.0,0.0,0.0,0,0,0,0,0,0.0,0.0,Erfan,Aminipour,2026-09-18T13:53:00.718377,,,
DATA,5.237,-6.0,0.439999938,-7.6,0.0,0.0,0.0,-6.0,-0.360000074,-6.0,0.0,0.0,0.0,-6.0,0.439999938,-7.6,0.0,0.0,0.0,-6.0,0.439999938,-7.6,0.0,0.0,0.0,0.0,0.0,0.0,0.0,0.0,0.0,0.0,0,0,0,0,0,0.0,0.0,Erfan,Aminipour,2026-09-18T13:53:00.769531,,,
DATA,5.285,-6.0,0.439999938,-7.6,0.0,0.0,0.0,-6.0,-0.360000074,-6.0,0.0,0.0,0.0,-6.0,0.439999938,-7.6,0.0,0.0,0.0,-6.0,0.439999938,-7.6,0.0,0.0,0.0,0.0,0.0,0.0,0.0,0.0,0.0,0.0,0,0,0,0,0,0.0,0.0,Erfan,Aminipour,2026-09-18T13:53:00.817062,,,
DATA,5.337,-6.0,0.439999938,-7.6,0.0,0.0,0.0,-6.0,-0.360000074,-6.0,0.0,0.0,0.0,-6.0,0.439999938,-7.6,0.0,0.0,0.0,-6.0,0.439999938,-7.6,0.0,0.0,0.0,0.0,0.0,0.0,0.0,0.0,0.0,0.0,0,0,0,0,0,0.0,0.0,Erfan,Aminipour,2026-09-18T13:53:00.869725,,,
DATA,5.386,-6.0,0.439999938,-7.6,0.0,0.0,0.0,-6.0,-0.360000074,-6.0,0.0,0.0,0.0,-6.0,0.439999938,-7.6,0.0,0.0,0.0,-6.0,0.439999938,-7.6,0.0,0.0,0.0,0.0,0.0,0.0,0.0,0.0,0.0,0.0,0,0,0,0,0,0.0,0.0,Erfan,Aminipour,2026-09-18T13:53:00.917981,,,
DATA,5.438,-6.0,0.439999938,-7.6,0.0,0.0,0.0,-6.0,-0.360000074,-6.0,0.0,0.0,0.0,-6.0,0.439999938,-7.6,0.0,0.0,0.0,-6.0,0.439999938,-7.6,0.0,0.0,0.0,0.0,0.0,0.0,0.0,0.0,0.0,0.0,0,0,0,0,0,0.0,0.0,Erfan,Aminipour,2026-09-18T13:53:00.969666,,,
DATA,5.484,-6.0,0.439999938,-7.6,0.0,0.0,0.0,-6.0,-0.360000074,-6.0,0.0,0.0,0.0,-6.0,0.439999938,-7.6,0.0,0.0,0.0,-6.0,0.439999938,-7.6,0.0,0.0,0.0,0.0,0.0,0.0,0.0,0.0,0.0,0.0,0,0,0,0,0,0.0,0.0,Erfan,Aminipour,2026-09-18T13:53:01.019335,,,
DATA,5.534,-6.0,0.439999938,-7.6,0.0,0.0,0.0,-6.0,-0.360000074,-6.0,0.0,0.0,0.0,-6.0,0.439999938,-7.6,0.0,0.0,0.0,-6.0,0.439999938,-7.6,0.0,0.0,0.0,0.0,0.0,0.0,0.0,0.0,0.0,0.0,0,0,0,0,0,0.0,0.0,Erfan,Aminipour,2026-09-18T13:53:01.068389,,,
DATA,5.586,-6.0,0.439999938,-7.6,0.0,0.0,0.0,-6.0,-0.360000074,-6.0,0.0,0.0,0.0,-6.0,0.439999938,-7.6,0.0,0.0,0.0,-6.0,0.439999938,-7.6,0.0,0.0,0.0,0.0,0.0,0.0,0.0,0.0,0.0,0.0,0,0,0,0,0,0.0,0.0,Erfan,Aminipour,2026-09-18T13:53:01.117647,,,
DATA,5.636,-6.0,0.439999938,-7.6,0.0,0.0,0.0,-6.0,-0.360000074,-6.0,0.0,0.0,0.0,-6.0,0.439999938,-7.6,0.0,0.0,0.0,-6.0,0.439999938,-7.6,0.0,0.0,0.0,0.0,0.0,0.0,0.0,0.0,0.0,0.0,0,0,0,0,0,0.0,0.0,Erfan,Aminipour,2026-09-18T13:53:01.168556,,,
DATA,5.684,-6.0,0.439999938,-7.6,0.0,0.0,0.0,-6.0,-0.360000074,-6.0,0.0,0.0,0.0,-6.0,0.439999938,-7.6,0.0,0.0,0.0,-6.0,0.439999938,-7.6,0.0,0.0,0.0,0.0,0.0,0.0,0.0,0.0,0.0,0.0,0,0,0,0,0,0.0,0.0,Erfan,Aminipour,2026-09-18T13:53:01.217392,,,
DATA,5.735,-6.0,0.439999938,-7.6,0.0,0.0,0.0,-6.0,-0.360000074,-6.0,0.0,0.0,0.0,-6.0,0.439999938,-7.6,0.0,0.0,0.0,-6.0,0.439999938,-7.6,0.0,0.0,0.0,0.0,0.0,0.0,0.0,0.0,0.0,0.0,0,0,0,0,0,0.0,0.0,Erfan,Aminipour,2026-09-18T13:53:01.268614,,,
DATA,5.786,-6.0,0.439999938,-7.6,0.0,0.0,0.0,-6.0,-0.360000074,-6.0,0.0,0.0,0.0,-6.0,0.439999938,-7.6,0.0,0.0,0.0,-6.0,0.439999938,-7.6,0.0,0.0,0.0,0.0,0.0,0.0,0.0,0.0,0.0,0.0,0,0,0,0,0,0.0,0.0,Erfan,Aminipour,2026-09-18T13:53:01.322273,,,
DATA,5.839,-6.0,0.439999938,-7.6,0.0,0.0,0.0,-6.0,-0.360000074,-6.0,0.0,0.0,0.0,-6.0,0.439999938,-7.6,0.0,0.0,0.0,-6.0,0.439999938,-7.6,0.0,0.0,0.0,0.0,0.0,0.0,0.0,0.0,0.0,0.0,0,0,0,0,0,0.0,0.0,Erfan,Aminipour,2026-09-18T13:53:01.371578,,,
DATA,5.886,-6.0,0.439999938,-7.6,0.0,0.0,0.0,-6.0,-0.360000074,-6.0,0.0,0.0,0.0,-6.0,0.439999938,-7.6,0.0,0.0,0.0,-6.0,0.439999938,-7.6,0.0,0.0,0.0,0.0,0.0,0.0,0.0,0.0,0.0,0.0,0,0,0,0,0,0.0,0.0,Erfan,Aminipour,2026-09-18T13:53:01.419756,,,
DATA,5.935,-6.0,0.439999938,-7.6,0.0,0.0,0.0,-6.0,-0.360000074,-6.0,0.0,0.0,0.0,-6.0,0.439999938,-7.6,0.0,0.0,0.0,-6.0,0.439999938,-7.6,0.0,0.0,0.0,0.0,0.0,0.0,0.0,0.0,0.0,0.0,0,0,0,0,0,0.0,0.0,Erfan,Aminipour,2026-09-18T13:53:01.468287,,,
DATA,5.986,-6.0,0.439999938,-7.6,0.0,0.0,0.0,-6.0,-0.360000074,-6.0,0.0,0.0,0.0,-6.0,0.439999938,-7.6,0.0,0.0,0.0,-6.0,0.439999938,-7.6,0.0,0.0,0.0,0.0,0.0,0.0,0.0,0.0,0.0,0.0,0,0,0,0,0,0.0,0.0,Erfan,Aminipour,2026-09-18T13:53:01.518541,,,
DATA,6.037,-6.0,0.439999938,-7.6,0.0,0.0,0.0,-6.0,-0.360000074,-6.0,0.0,0.0,0.0,-6.0,0.439999938,-7.6,0.0,0.0,0.0,-6.0,0.439999938,-7.6,0.0,0.0,0.0,0.0,0.0,0.0,0.0,0.0,0.0,0.0,0,0,0,0,0,0.0,0.0,Erfan,Aminipour,2026-09-18T13:53:01.570067,,,
DATA,6.085,-6.0,0.439999938,-7.6,0.0,0.0,0.0,-6.0,-0.360000074,-6.0,0.0,0.0,0.0,-6.0,0.439999938,-7.6,0.0,0.0,0.0,-6.0,0.439999938,-7.6,0.0,0.0,0.0,0.0,0.0,0.0,0.0,0.0,0.0,0.0,0,0,0,0,0,0.0,0.0,Erfan,Aminipour,2026-09-18T13:53:01.618621,,,
DATA,6.136,-6.0,0.439999938,-7.6,0.0,0.0,0.0,-6.0,-0.360000074,-6.0,0.0,0.0,0.0,-6.0,0.439999938,-7.6,0.0,0.0,0.0,-6.0,0.439999938,-7.6,0.0,0.0,0.0,0.0,0.0,0.0,0.0,0.0,0.0,0.0,0,0,0,0,0,0.0,0.0,Erfan,Aminipour,2026-09-18T13:53:01.670398,,,
DATA,6.184,-6.0,0.439999938,-7.6,0.0,0.0,0.0,-6.0,-0.360000074,-6.0,0.0,0.0,0.0,-6.0,0.439999938,-7.6,0.0,0.0,0.0,-6.0,0.439999938,-7.6,0.0,0.0,0.0,0.0,0.0,0.0,0.0,0.0,0.0,0.0,0,0,0,0,0,0.0,0.0,Erfan,Aminipour,2026-09-18T13:53:01.716631,,,
DATA,6.234,-6.0,0.439999938,-7.6,0.0,0.0,0.0,-6.0,-0.360000074,-6.0,0.0,0.0,0.0,-6.0,0.439999938,-7.6,0.0,0.0,0.0,-6.0,0.439999938,-7.6,0.0,0.0,0.0,0.0,0.0,0.0,0.0,0.0,0.0,0.0,0,0,0,0,0,0.0,0.0,Erfan,Aminipour,2026-09-18T13:53:01.768281,,,
DATA,6.286,-6.0,0.439999938,-7.6,0.0,0.0,0.0,-6.0,-0.360000074,-6.0,0.0,0.0,0.0,-6.0,0.439999938,-7.6,0.0,0.0,0.0,-6.0,0.439999938,-7.6,0.0,0.0,0.0,0.0,0.0,0.0,0.0,0.0,0.0,0.0,0,0,0,0,0,0.0,0.0,Erfan,Aminipour,2026-09-18T13:53:01.818809,,,
DATA,6.336,-6.0,0.439999938,-7.6,0.0,0.0,0.0,-6.0,-0.360000074,-6.0,0.0,0.0,0.0,-6.0,0.439999938,-7.6,0.0,0.0,0.0,-6.0,0.439999938,-7.6,0.0,0.0,0.0,0.0,0.0,0.0,0.0,0.0,0.0,0.0,0,0,0,0,0,0.0,0.0,Erfan,Aminipour,2026-09-18T13:53:01.869260,,,
DATA,6.386,-6.0,0.439999938,-7.6,0.0,0.0,0.0,-6.0,-0.360000074,-6.0,0.0,0.0,0.0,-6.0,0.439999938,-7.6,0.0,0.0,0.0,-6.0,0.439999938,-7.6,0.0,0.0,0.0,0.0,0.0,0.0,0.0,0.0,0.0,0.0,0,0,0,0,0,0.0,0.0,Erfan,Aminipour,2026-09-18T13:53:01.919895,,,
DATA,6.438,-6.0,0.439999938,-7.6,0.0,0.0,0.0,-6.0,-0.360000074,-6.0,0.0,0.0,0.0,-6.0,0.439999938,-7.6,0.0,0.0,0.0,-6.0,0.439999938,-7.6,0.0,0.0,0.0,0.0,0.0,0.0,0.0,0.0,0.0,0.0,0,0,0,0,0,0.0,0.0,Erfan,Aminipour,2026-09-18T13:53:01.971388,,,
EVENT,6.464,,,,,,,,,,,,,,,,,,,,,,,,,,,,,,,,0,0,,,,0.0,0.0,Erfan,Aminipour,2026-09-18T13:53:01.995732,PANEL_EVENT,PANEL_OPENED_START_QUESTION,Start Question Panel opened.
DATA,6.504,-6.0,0.439999938,-7.6,0.0,0.0,0.0,-6.0,-0.360000074,-6.0,0.0,0.0,0.0,-6.0,0.439999938,-7.6,0.0,0.0,0.0,-6.0,0.439999938,-7.6,0.0,0.0,0.0,0.0,0.0,0.0,0.0,0.0,0.0,1.0,0,0,0,0,0,0.0,0.0,Erfan,Aminipour,2026-09-18T13:53:02.044215,,,
DATA,6.539,-6.0,0.439999938,-7.6,0.0,0.0,0.0,-6.0,-0.360000074,-6.0,0.0,0.0,0.0,-6.0,0.439999938,-7.6,0.0,0.0,0.0,-6.0,0.439999938,-7.6,0.0,0.0,0.0,0.0,0.0,0.0,0.0,0.0,0.0,1.0,0,0,0,0,0,0.0,0.0,Erfan,Aminipour,2026-09-18T13:53:02.072899,,,
DATA,6.586,-6.0,0.439999938,-7.6,0.0,0.0,0.0,-6.0,-0.360000074,-6.0,0.0,0.0,0.0,-6.0,0.439999938,-7.6,0.0,0.0,0.0,-6.0,0.439999938,-7.6,0.0,0.0,0.0,0.0,0.0,0.0,0.0,0.0,0.0,1.0,0,0,0,0,0,0.0,0.0,Erfan,Aminipour,2026-09-18T13:53:02.119975,,,
DATA,6.638,-6.0,0.439999938,-7.6,0.0,0.0,0.0,-6.0,-0.360000074,-6.0,0.0,0.0,0.0,-6.0,0.439999938,-7.6,0.0,0.0,0.0,-6.0,0.439999938,-7.6,0.0,0.0,0.0,0.0,0.0,0.0,0.0,0.0,0.0,0.0,0,0,0,0,0,0.0,0.0,Erfan,Aminipour,2026-09-18T13:53:02.171302,,,
DATA,6.684,-6.0,0.439999938,-7.6,0.0,0.0,0.0,-6.0,-0.360000074,-6.0,0.0,0.0,0.0,-6.0,0.439999938,-7.6,0.0,0.0,0.0,-6.0,0.439999938,-7.6,0.0,0.0,0.0,0.0,0.0,0.0,0.0,0.0,0.0,0.0,0,0,0,0,0,0.0,0.0,Erfan,Aminipour,2026-09-18T13:53:02.217123,,,
DATA,6.738,-6.0,0.439999938,-7.6,0.0,0.0,0.0,-6.0,-0.360000074,-6.0,0.0,0.0,0.0,-6.0,0.439999938,-7.6,0.0,0.0,0.0,-6.0,0.439999938,-7.6,0.0,0.0,0.0,0.0,0.0,0.0,0.0,0.0,0.0,0.0,0,0,0,0,0,0.0,0.0,Erfan,Aminipour,2026-09-18T13:53:02.271076,,,
DATA,6.784,-6.0,0.439999938,-7.6,0.0,0.0,0.0,-6.0,-0.360000074,-6.0,0.0,0.0,0.0,-6.0,0.439999938,-7.6,0.0,0.0,0.0,-6.0,0.439999938,-7.6,0.0,0.0,0.0,0.0,0.0,0.0,0.0,0.0,0.0,0.0,0,0,0,0,0,0.0,0.0,Erfan,Aminipour,2026-09-18T13:53:02.317780,,,
DATA,6.838,-6.0,0.439999938,-7.6,0.0,0.0,0.0,-6.0,-0.360000074,-6.0,0.0,0.0,0.0,-6.0,0.439999938,-7.6,0.0,0.0,0.0,-6.0,0.439999938,-7.6,0.0,0.0,0.0,0.0,0.0,0.0,0.0,0.0,0.0,0.0,0,0,0,0,0,0.0,0.0,Erfan,Aminipour,2026-09-18T13:53:02.371060,,,
DATA,6.887,-6.0,0.439999938,-7.6,0.0,0.0,0.0,-6.0,-0.360000074,-6.0,0.0,0.0,0.0,-6.0,0.439999938,-7.6,0.0,0.0,0.0,-6.0,0.439999938,-7.6,0.0,0.0,0.0,0.0,0.0,0.0,0.0,0.0,0.0,0.0,0,0,0,0,0,0.0,0.0,Erfan,Aminipour,2026-09-18T13:53:02.419328,,,
DATA,6.938,-6.0,0.439999938,-7.6,0.0,0.0,0.0,-6.0,-0.360000074,-6.0,0.0,0.0,0.0,-6.0,0.439999938,-7.6,0.0,0.0,0.0,-6.0,0.439999938,-7.6,0.0,0.0,0.0,0.0,0.0,0.0,0.0,0.0,0.0,0.0,0,0,0,0,0,0.0,0.0,Erfan,Aminipour,2026-09-18T13:53:02.471438,,,
DATA,6.987,-6.0,0.439999938,-7.6,0.0,0.0,0.0,-6.0,-0.360000074,-6.0,0.0,0.0,0.0,-6.0,0.439999938,-7.6,0.0,0.0,0.0,-6.0,0.439999938,-7.6,0.0,0.0,0.0,0.0,0.0,0.0,0.0,0.0,0.0,0.0,0,0,0,0,0,0.0,0.0,Erfan,Aminipour,2026-09-18T13:53:02.519311,,,
DATA,7.038,-6.0,0.439999938,-7.6,0.0,0.0,0.0,-6.0,-0.360000074,-6.0,0.0,0.0,0.0,-6.0,0.439999938,-7.6,0.0,0.0,0.0,-6.0,0.439999938,-7.6,0.0,0.0,0.0,0.0,0.0,0.0,0.0,0.0,0.0,0.0,0,0,0,0,0,0.0,0.0,Erfan,Aminipour,2026-09-18T13:53:02.570859,,,
DATA,7.088,-6.0394125,0.439999938,-7.6,0.0,0.0,0.0,-6.0,-0.360000074,-6.0,0.0,0.0,0.0,-6.0394125,0.439999938,-7.6,0.0,0.0,0.0,-6.0394125,0.439999938,-7.6,0.0,0.0,0.0,0.0,0.0,0.0,0.0,-1.0,0.0,0.0,0,0,0,0,0,0.0,0.0,Erfan,Aminipour,2026-09-18T13:53:02.621009,,,
DATA,7.136,-6.012184,0.439999938,-7.6,0.0,0.0,0.0,-6.0,-0.360000074,-6.0,0.0,0.0,0.0,-6.012184,0.439999938,-7.6,0.0,0.0,0.0,-6.012184,0.439999938,-7.6,0.0,0.0,0.0,0.0,0.0,0.0,0.0,-1.0,0.0,0.0,0,0,0,0,0,0.0,0.0,Erfan,Aminipour,2026-09-18T13:53:02.671914,,,
DATA,7.186,-6.0,0.439999938,-7.6,0.0,0.0,0.0,-6.0,-0.360000074,-6.0,0.0,0.0,0.0,-6.0,0.439999938,-7.6,0.0,0.0,0.0,-6.0,0.439999938,-7.6,0.0,0.0,0.0,0.0,0.0,0.0,0.0,0.0,0.0,0.0,0,0,0,0,0,0.0,0.0,Erfan,Aminipour,2026-09-18T13:53:02.718757,,,
DATA,7.236,-6.0,0.439999938,-7.6,0.0,0.0,0.0,-6.0,-0.360000074,-6.0,0.0,0.0,0.0,-6.0,0.439999938,-7.6,0.0,0.0,0.0,-6.0,0.439999938,-7.6,0.0,0.0,0.0,0.0,0.0,0.0,0.0,0.0,0.0,0.0,0,0,0,0,0,0.0,0.0,Erfan,Aminipour,2026-09-18T13:53:02.768549,,,
EVENT,7.267,,,,,,,,,,,,,,,,,,,,,,,,,,,,,,,,0,0,,,,0.0,0.0,Erfan,Aminipour,2026-09-18T13:53:02.798433,BUTTON_PRESSED,START_ROOM_YES,StartRoomDuration=4.633
EVENT,7.269,,,,,,,,,,,,,,,,,,,,,,,,,,,,,,,,0,0,,,,0.0,0.0,Erfan,Aminipour,2026-09-18T13:53:02.813540,PANEL_EVENT,PANEL_CLOSED_START_QUESTION,Start Question Panel closed after YES.
EVENT,7.27,,,,,,,,,,,,,,,,,,,,,,,,,,,,,,,,0,0,,,,0.0,0.0,Erfan,Aminipour,2026-09-18T13:53:02.826931,PANEL_EVENT,PANEL_OPENED_TRANSFER,Transfer Panel opened.
DATA,7.285,-6.0,0.439999938,-7.6,0.0,0.0,0.0,-6.0,-0.360000074,-6.0,0.0,0.0,0.0,-6.0,0.439999938,-7.6,0.0,0.0,0.0,-6.0,0.439999938,-7.6,0.0,0.0,0.0,0.0,0.0,0.0,0.0,0.0,0.0,1.0,0,0,0,0,0,0.0,0.0,Erfan,Aminipour,2026-09-18T13:53:02.840338,,,
DATA,7.337,-6.0,0.439999938,-7.6,0.0,0.0,0.0,-6.0,-0.360000074,-6.0,0.0,0.0,0.0,-6.0,0.439999938,-7.6,0.0,0.0,0.0,-6.0,0.439999938,-7.6,0.0,0.0,0.0,0.0,0.0,0.0,0.0,0.0,0.0,1.0,0,0,0,0,0,0.0,0.0,Erfan,Aminipour,2026-09-18T13:53:02.873597,,,
DATA,7.387,-6.0,0.439999938,-7.6,0.0,0.0,0.0,-6.0,-0.360000074,-6.0,0.0,0.0,0.0,-6.0,0.439999938,-7.6,0.0,0.0,0.0,-6.0,0.439999938,-7.6,0.0,0.0,0.0,0.0,0.0,0.0,0.0,0.0,0.0,1.0,0,0,0,0,0,0.0,0.0,Erfan,Aminipour,2026-09-18T13:53:02.920708,,,
DATA,7.436,-6.0,0.439999938,-7.6,0.0,0.0,0.0,-6.0,-0.360000074,-6.0,0.0,0.0,0.0,-6.0,0.439999938,-7.6,0.0,0.0,0.0,-6.0,0.439999938,-7.6,0.0,0.0,0.0,0.0,0.0,0.0,0.0,0.0,0.0,0.0,0,0,0,0,0,0.0,0.0,Erfan,Aminipour,2026-09-18T13:53:02.969124,,,
DATA,7.485,-6.0,0.439999938,-7.6,0.0,0.0,0.0,-6.0,-0.360000074,-6.0,0.0,0.0,0.0,-6.0,0.439999938,-7.6,0.0,0.0,0.0,-6.0,0.439999938,-7.6,0.0,0.0,0.0,0.0,0.0,0.0,0.0,0.0,0.0,0.0,0,0,0,0,0,0.0,0.0,Erfan,Aminipour,2026-09-18T13:53:03.018178,,,
DATA,7.536,-6.0,0.439999938,-7.6,0.0,0.0,0.0,-6.0,-0.360000074,-6.0,0.0,0.0,0.0,-6.0,0.439999938,-7.6,0.0,0.0,0.0,-6.0,0.439999938,-7.6,0.0,0.0,0.0,0.0,0.0,0.0,0.0,0.0,0.0,0.0,0,0,0,0,0,0.0,0.0,Erfan,Aminipour,2026-09-18T13:53:03.070022,,,
DATA,7.587,-6.0,0.439999938,-7.6,0.0,0.0,0.0,-6.0,-0.360000074,-6.0,0.0,0.0,0.0,-6.0,0.439999938,-7.6,0.0,0.0,0.0,-6.0,0.439999938,-7.6,0.0,0.0,0.0,0.0,0.0,0.0,0.0,0.0,0.0,0.0,0,0,0,0,0,0.0,0.0,Erfan,Aminipour,2026-09-18T13:53:03.120351,,,
DATA,7.636,-6.0,0.439999938,-7.6,0.0,0.0,0.0,-6.0,-0.360000074,-6.0,0.0,0.0,0.0,-6.0,0.439999938,-7.6,0.0,0.0,0.0,-6.0,0.439999938,-7.6,0.0,0.0,0.0,0.0,0.0,0.0,0.0,0.0,0.0,0.0,0,0,0,0,0,0.0,0.0,Erfan,Aminipour,2026-09-18T13:53:03.168805,,,
DATA,7.688,-6.0,0.439999938,-7.6,0.0,0.0,0.0,-6.0,-0.360000074,-6.0,0.0,0.0,0.0,-6.0,0.439999938,-7.6,0.0,0.0,0.0,-6.0,0.439999938,-7.6,0.0,0.0,0.0,0.0,0.0,0.0,0.0,0.0,0.0,0.0,0,0,0,0,0,0.0,0.0,Erfan,Aminipour,2026-09-18T13:53:03.221056,,,
DATA,7.733,-6.0,0.439999938,-7.6,0.0,0.0,0.0,-6.0,-0.360000074,-6.0,0.0,0.0,0.0,-6.0,0.439999938,-7.6,0.0,0.0,0.0,-6.0,0.439999938,-7.6,0.0,0.0,0.0,0.0,0.0,0.0,0.0,0.0,0.0,0.0,0,0,0,0,0,0.0,0.0,Erfan,Aminipour,2026-09-18T13:53:03.267628,,,
DATA,7.786,-6.0,0.439999938,-7.6,0.0,0.0,0.0,-6.0,-0.360000074,-6.0,0.0,0.0,0.0,-6.0,0.439999938,-7.6,0.0,0.0,0.0,-6.0,0.439999938,-7.6,0.0,0.0,0.0,0.0,0.0,0.0,0.0,0.0,0.0,0.0,0,0,0,0,0,0.0,0.0,Erfan,Aminipour,2026-09-18T13:53:03.318643,,,
DATA,7.835,-6.0,0.439999938,-7.6,0.0,0.0,0.0,-6.0,-0.360000074,-6.0,0.0,0.0,0.0,-6.0,0.439999938,-7.6,0.0,0.0,0.0,-6.0,0.439999938,-7.6,0.0,0.0,0.0,0.0,0.0,0.0,0.0,0.0,0.0,0.0,0,0,0,0,0,0.0,0.0,Erfan,Aminipour,2026-09-18T13:53:03.367113,,,
DATA,7.887,-6.0,0.439999938,-7.6,0.0,0.0,0.0,-6.0,-0.360000074,-6.0,0.0,0.0,0.0,-6.0,0.439999938,-7.6,0.0,0.0,0.0,-6.0,0.439999938,-7.6,0.0,0.0,0.0,0.0,0.0,0.0,0.0,0.0,0.0,0.0,0,0,0,0,0,0.0,0.0,Erfan,Aminipour,2026-09-18T13:53:03.419409,,,
DATA,7.934,-6.0,0.439999938,-7.6,0.0,0.0,0.0,-6.0,-0.360000074,-6.0,0.0,0.0,0.0,-6.0,0.439999938,-7.6,0.0,0.0,0.0,-6.0,0.439999938,-7.6,0.0,0.0,0.0,0.0,0.0,0.0,0.0,0.0,0.0,0.0,0,0,0,0,0,0.0,0.0,Erfan,Aminipour,2026-09-18T13:53:03.466872,,,
DATA,7.987,-6.0,0.439999938,-7.6,0.0,0.0,0.0,-6.0,-0.360000074,-6.0,0.0,0.0,0.0,-6.0,0.439999938,-7.6,0.0,0.0,0.0,-6.0,0.439999938,-7.6,0.0,0.0,0.0,0.0,0.0,0.0,0.0,0.0,0.0,0.0,0,0,0,0,0,0.0,0.0,Erfan,Aminipour,2026-09-18T13:53:03.520130,,,
DATA,8.035,-6.0,0.439999938,-7.6,0.0,0.0,0.0,-6.0,-0.360000074,-6.0,0.0,0.0,0.0,-6.0,0.439999938,-7.6,0.0,0.0,0.0,-6.0,0.439999938,-7.6,0.0,0.0,0.0,0.0,0.0,0.0,0.0,0.0,0.0,0.0,0,0,0,0,0,0.0,0.0,Erfan,Aminipour,2026-09-18T13:53:03.566772,,,
DATA,8.087,-6.0,0.439999938,-7.6,0.0,0.0,0.0,-6.0,-0.360000074,-6.0,0.0,0.0,0.0,-6.0,0.439999938,-7.6,0.0,0.0,0.0,-6.0,0.439999938,-7.6,0.0,0.0,0.0,0.0,0.0,0.0,0.0,0.0,0.0,0.0,0,0,0,0,0,0.0,0.0,Erfan,Aminipour,2026-09-18T13:53:03.619166,,,
DATA,8.135,-6.0,0.439999938,-7.6,0.0,0.0,0.0,-6.0,-0.360000074,-6.0,0.0,0.0,0.0,-6.0,0.439999938,-7.6,0.0,0.0,0.0,-6.0,0.439999938,-7.6,0.0,0.0,0.0,0.0,0.0,0.0,0.0,0.0,0.0,0.0,0,0,0,0,0,0.0,0.0,Erfan,Aminipour,2026-09-18T13:53:03.667695,,,
DATA,8.185,-6.0,0.439999938,-7.6,0.0,0.0,0.0,-6.0,-0.360000074,-6.0,0.0,0.0,0.0,-6.0,0.439999938,-7.6,0.0,0.0,0.0,-6.0,0.439999938,-7.6,0.0,0.0,0.0,0.0,0.0,0.0,0.0,0.0,0.0,0.0,0,0,0,0,0,0.0,0.0,Erfan,Aminipour,2026-09-18T13:53:03.717794,,,
DATA,8.236,-6.0,0.439999938,-7.6,0.0,0.0,0.0,-6.0,-0.360000074,-6.0,0.0,0.0,0.0,-6.0,0.439999938,-7.6,0.0,0.0,0.0,-6.0,0.439999938,-7.6,0.0,0.0,0.0,0.0,0.0,0.0,0.0,0.0,0.0,0.0,0,0,0,0,0,0.0,0.0,Erfan,Aminipour,2026-09-18T13:53:03.769270,,,
DATA,8.284,-6.0,0.439999938,-7.6,0.0,0.0,0.0,-6.0,-0.360000074,-6.0,0.0,0.0,0.0,-6.0,0.439999938,-7.6,0.0,0.0,0.0,-6.0,0.439999938,-7.6,0.0,0.0,0.0,0.0,0.0,0.0,0.0,0.0,0.0,0.0,0,0,0,0,0,0.0,0.0,Erfan,Aminipour,2026-09-18T13:53:03.817280,,,
DATA,8.335,-6.0,0.439999938,-7.6,0.0,0.0,0.0,-6.0,-0.360000074,-6.0,0.0,0.0,0.0,-6.0,0.439999938,-7.6,0.0,0.0,0.0,-6.0,0.439999938,-7.6,0.0,0.0,0.0,0.0,0.0,0.0,0.0,0.0,0.0,0.0,0,0,0,0,0,0.0,0.0,Erfan,Aminipour,2026-09-18T13:53:03.868991,,,
DATA,8.386,-6.0,0.439999938,-7.6,0.0,0.0,0.0,-6.0,-0.360000074,-6.0,0.0,0.0,0.0,-6.0,0.439999938,-7.6,0.0,0.0,0.0,-6.0,0.439999938,-7.6,0.0,0.0,0.0,0.0,0.0,0.0,0.0,0.0,0.0,0.0,0,0,0,0,0,0.0,0.0,Erfan,Aminipour,2026-09-18T13:53:03.917337,,,
DATA,8.438,-6.0,0.439999938,-7.6,0.0,0.0,0.0,-6.0,-0.360000074,-6.0,0.0,0.0,0.0,-6.0,0.439999938,-7.6,0.0,0.0,0.0,-6.0,0.439999938,-7.6,0.0,0.0,0.0,0.0,0.0,0.0,0.0,0.0,0.0,0.0,0,0,0,0,0,0.0,0.0,Erfan,Aminipour,2026-09-18T13:53:03.970363,,,
DATA,8.486,-6.0,0.439999938,-7.6,0.0,0.0,0.0,-6.0,-0.360000074,-6.0,0.0,0.0,0.0,-6.0,0.439999938,-7.6,0.0,0.0,0.0,-6.0,0.439999938,-7.6,0.0,0.0,0.0,0.0,0.0,0.0,0.0,0.0,0.0,0.0,0,0,0,0,0,0.0,0.0,Erfan,Aminipour,2026-09-18T13:53:04.019039,,,
DATA,8.535,-6.0,0.439999938,-7.6,0.0,0.0,0.0,-6.0,-0.360000074,-6.0,0.0,0.0,0.0,-6.0,0.439999938,-7.6,0.0,0.0,0.0,-6.0,0.439999938,-7.6,0.0,0.0,0.0,0.0,0.0,0.0,0.0,0.0,0.0,0.0,0,0,0,0,0,0.0,0.0,Erfan,Aminipour,2026-09-18T13:53:04.068613,,,
DATA,8.583,-6.0,0.439999938,-7.6,0.0,0.0,0.0,-6.0,-0.360000074,-6.0,0.0,0.0,0.0,-6.0,0.439999938,-7.6,0.0,0.0,0.0,-6.0,0.439999938,-7.6,0.0,0.0,0.0,0.0,0.0,0.0,0.0,0.0,0.0,0.0,0,0,0,0,0,0.0,0.0,Erfan,Aminipour,2026-09-18T13:53:04.116780,,,
DATA,8.635,-6.0,0.439999938,-7.6,0.0,0.0,0.0,-6.0,-0.360000074,-6.0,0.0,0.0,0.0,-6.0,0.439999938,-7.6,0.0,0.0,0.0,-6.0,0.439999938,-7.6,0.0,0.0,0.0,0.0,0.0,0.0,0.0,0.0,0.0,0.0,0,0,0,0,0,0.0,0.0,Erfan,Aminipour,2026-09-18T13:53:04.167555,,,
DATA,8.686,-6.0,0.439999938,-7.6,0.0,0.0,0.0,-6.0,-0.360000074,-6.0,0.0,0.0,0.0,-6.0,0.439999938,-7.6,0.0,0.0,0.0,-6.0,0.439999938,-7.6,0.0,0.0,0.0,0.0,0.0,0.0,0.0,0.0,0.0,0.0,0,0,0,0,0,0.0,0.0,Erfan,Aminipour,2026-09-18T13:53:04.218848,,,
DATA,8.735,-6.0,0.439999938,-7.6,0.0,0.0,0.0,-6.0,-0.360000074,-6.0,0.0,0.0,0.0,-6.0,0.439999938,-7.6,0.0,0.0,0.0,-6.0,0.439999938,-7.6,0.0,0.0,0.0,0.0,0.0,0.0,0.0,0.0,0.0,0.0,0,0,0,0,0,0.0,0.0,Erfan,Aminipour,2026-09-18T13:53:04.267782,,,
DATA,8.784,-6.0,0.439999938,-7.6,0.0,0.0,0.0,-6.0,-0.360000074,-6.0,0.0,0.0,0.0,-6.0,0.439999938,-7.6,0.0,0.0,0.0,-6.0,0.439999938,-7.6,0.0,0.0,0.0,0.0,0.0,0.0,0.0,0.0,0.0,0.0,0,0,0,0,0,0.0,0.0,Erfan,Aminipour,2026-09-18T13:53:04.318501,,,
DATA,8.836,-6.0,0.439999938,-7.6,0.0,0.0,0.0,-6.0,-0.360000074,-6.0,0.0,0.0,0.0,-6.0,0.439999938,-7.6,0.0,0.0,0.0,-6.0,0.439999938,-7.6,0.0,0.0,0.0,0.0,0.0,0.0,0.0,0.0,0.0,0.0,0,0,0,0,0,0.0,0.0,Erfan,Aminipour,2026-09-18T13:53:04.368900,,,
DATA,8.884,-6.0,0.439999938,-7.6,0.0,0.0,0.0,-6.0,-0.360000074,-6.0,0.0,0.0,0.0,-6.0,0.439999938,-7.6,0.0,0.0,0.0,-6.0,0.439999938,-7.6,0.0,0.0,0.0,0.0,0.0,0.0,0.0,0.0,0.0,0.0,0,0,0,0,0,0.0,0.0,Erfan,Aminipour,2026-09-18T13:53:04.417782,,,
DATA,8.936,-6.0,0.439999938,-7.6,0.0,0.0,0.0,-6.0,-0.360000074,-6.0,0.0,0.0,0.0,-6.0,0.439999938,-7.6,0.0,0.0,0.0,-6.0,0.439999938,-7.6,0.0,0.0,0.0,0.0,0.0,0.0,0.0,0.0,0.0,0.0,0,0,0,0,0,0.0,0.0,Erfan,Aminipour,2026-09-18T13:53:04.468497,,,
DATA,8.984,-6.0,0.439999938,-7.6,0.0,0.0,0.0,-6.0,-0.360000074,-6.0,0.0,0.0,0.0,-6.0,0.439999938,-7.6,0.0,0.0,0.0,-6.0,0.439999938,-7.6,0.0,0.0,0.0,0.0,0.0,0.0,0.0,0.0,0.0,0.0,0,0,0,0,0,0.0,0.0,Erfan,Aminipour,2026-09-18T13:53:04.518655,,,
DATA,9.038,-6.0,0.439999938,-7.6,0.0,0.0,0.0,-6.0,-0.360000074,-6.0,0.0,0.0,0.0,-6.0,0.439999938,-7.6,0.0,0.0,0.0,-6.0,0.439999938,-7.6,0.0,0.0,0.0,0.0,0.0,0.0,0.0,0.0,0.0,0.0,0,0,0,0,0,0.0,0.0,Erfan,Aminipour,2026-09-18T13:53:04.570477,,,
DATA,9.088,-6.0,0.439999938,-7.6,0.0,0.0,0.0,-6.0,-0.360000074,-6.0,0.0,0.0,0.0,-6.0,0.439999938,-7.6,0.0,0.0,0.0,-6.0,0.439999938,-7.6,0.0,0.0,0.0,0.0,0.0,0.0,0.0,0.0,0.0,0.0,0,0,0,0,0,0.0,0.0,Erfan,Aminipour,2026-09-18T13:53:04.618996,,,
DATA,9.137,-6.0,0.439999938,-7.6,0.0,0.0,0.0,-6.0,-0.360000074,-6.0,0.0,0.0,0.0,-6.0,0.439999938,-7.6,0.0,0.0,0.0,-6.0,0.439999938,-7.6,0.0,0.0,0.0,0.0,0.0,0.0,0.0,0.0,0.0,0.0,0,0,0,0,0,0.0,0.0,Erfan,Aminipour,2026-09-18T13:53:04.670127,,,
DATA,9.188,-6.0,0.439999938,-7.6,0.0,0.0,0.0,-6.0,-0.360000074,-6.0,0.0,0.0,0.0,-6.0,0.439999938,-7.6,0.0,0.0,0.0,-6.0,0.439999938,-7.6,0.0,0.0,0.0,0.0,0.0,0.0,0.0,0.0,0.0,0.0,0,0,0,0,0,0.0,0.0,Erfan,Aminipour,2026-09-18T13:53:04.720830,,,
DATA,9.238,-6.0,0.439999938,-7.6,0.0,0.0,0.0,-6.0,-0.360000074,-6.0,0.0,0.0,0.0,-6.0,0.439999938,-7.6,0.0,0.0,0.0,-6.0,0.439999938,-7.6,0.0,0.0,0.0,0.0,0.0,0.0,0.0,0.0,0.0,0.0,0,0,0,0,0,0.0,0.0,Erfan,Aminipour,2026-09-18T13:53:04.771257,,,
DATA,9.289,-6.0,0.439999938,-7.6,0.0,0.0,0.0,-6.0,-0.360000074,-6.0,0.0,0.0,0.0,-6.0,0.439999938,-7.6,0.0,0.0,0.0,-6.0,0.439999938,-7.6,0.0,0.0,0.0,0.0,0.0,0.0,0.0,0.0,0.0,0.0,0,0,0,0,0,0.0,0.0,Erfan,Aminipour,2026-09-18T13:53:04.821705,,,
DATA,9.337,-6.0,0.439999938,-7.6,0.0,0.0,0.0,-6.0,-0.360000074,-6.0,0.0,0.0,0.0,-6.0,0.439999938,-7.6,0.0,0.0,0.0,-6.0,0.439999938,-7.6,0.0,0.0,0.0,0.0,0.0,0.0,0.0,0.0,0.0,0.0,0,0,0,0,0,0.0,0.0,Erfan,Aminipour,2026-09-18T13:53:04.870269,,,
DATA,9.384,-6.0,0.439999938,-7.6,0.0,0.0,0.0,-6.0,-0.360000074,-6.0,0.0,0.0,0.0,-6.0,0.439999938,-7.6,0.0,0.0,0.0,-6.0,0.439999938,-7.6,0.0,0.0,0.0,0.0,0.0,0.0,0.0,0.0,0.0,0.0,0,0,0,0,0,0.0,0.0,Erfan,Aminipour,2026-09-18T13:53:04.917421,,,
DATA,9.434,-6.0,0.439999938,-7.6,0.0,0.0,0.0,-6.0,-0.360000074,-6.0,0.0,0.0,0.0,-6.0,0.439999938,-7.6,0.0,0.0,0.0,-6.0,0.439999938,-7.6,0.0,0.0,0.0,0.0,0.0,0.0,0.0,0.0,0.0,0.0,0,0,0,0,0,0.0,0.0,Erfan,Aminipour,2026-09-18T13:53:04.968440,,,
DATA,9.487,-6.0,0.439999938,-7.6,0.0,0.0,0.0,-6.0,-0.360000074,-6.0,0.0,0.0,0.0,-6.0,0.439999938,-7.6,0.0,0.0,0.0,-6.0,0.439999938,-7.6,0.0,0.0,0.0,0.0,0.0,0.0,0.0,0.0,0.0,0.0,0,0,0,0,0,0.0,0.0,Erfan,Aminipour,2026-09-18T13:53:05.020597,,,
DATA,9.536,-6.0,0.439999938,-7.6,0.0,0.0,0.0,-6.0,-0.360000074,-6.0,0.0,0.0,0.0,-6.0,0.439999938,-7.6,0.0,0.0,0.0,-6.0,0.439999938,-7.6,0.0,0.0,0.0,0.0,0.0,0.0,0.0,0.0,0.0,0.0,0,0,0,0,0,0.0,0.0,Erfan,Aminipour,2026-09-18T13:53:05.070728,,,
DATA,9.589,-6.0,0.439999938,-7.6,0.0,0.0,0.0,-6.0,-0.360000074,-6.0,0.0,0.0,0.0,-6.0,0.439999938,-7.6,0.0,0.0,0.0,-6.0,0.439999938,-7.6,0.0,0.0,0.0,0.0,0.0,0.0,0.0,0.0,0.0,0.0,0,0,0,0,0,0.0,0.0,Erfan,Aminipour,2026-09-18T13:53:05.123020,,,
DATA,9.635,-6.0,0.439999938,-7.6,0.0,0.0,0.0,-6.0,-0.360000074,-6.0,0.0,0.0,0.0,-6.0,0.439999938,-7.6,0.0,0.0,0.0,-6.0,0.439999938,-7.6,0.0,0.0,0.0,0.0,0.0,0.0,0.0,0.0,0.0,0.0,0,0,0,0,0,0.0,0.0,Erfan,Aminipour,2026-09-18T13:53:05.168734,,,
DATA,9.686,-6.0,0.439999938,-7.6,0.0,0.0,0.0,-6.0,-0.360000074,-6.0,0.0,0.0,0.0,-6.0,0.439999938,-7.6,0.0,0.0,0.0,-6.0,0.439999938,-7.6,0.0,0.0,0.0,0.0,0.0,0.0,0.0,0.0,0.0,0.0,0,0,0,0,0,0.0,0.0,Erfan,Aminipour,2026-09-18T13:53:05.220015,,,
DATA,9.738,-6.0,0.439999938,-7.6,0.0,0.0,0.0,-6.0,-0.360000074,-6.0,0.0,0.0,0.0,-6.0,0.439999938,-7.6,0.0,0.0,0.0,-6.0,0.439999938,-7.6,0.0,0.0,0.0,0.0,0.0,0.0,0.0,0.0,0.0,0.0,0,0,0,0,0,0.0,0.0,Erfan,Aminipour,2026-09-18T13:53:05.271668,,,
DATA,9.788,-6.0,0.439999938,-7.6,0.0,0.0,0.0,-6.0,-0.360000074,-6.0,0.0,0.0,0.0,-6.0,0.439999938,-7.6,0.0,0.0,0.0,-6.0,0.439999938,-7.6,0.0,0.0,0.0,0.0,0.0,0.0,0.0,0.0,0.0,0.0,0,0,0,0,0,0.0,0.0,Erfan,Aminipour,2026-09-18T13:53:05.320762,,,
DATA,9.836,-6.0,0.439999938,-7.6,0.0,0.0,0.0,-6.0,-0.360000074,-6.0,0.0,0.0,0.0,-6.0,0.439999938,-7.6,0.0,0.0,0.0,-6.0,0.439999938,-7.6,0.0,0.0,0.0,0.0,0.0,0.0,0.0,0.0,0.0,0.0,0,0,0,0,0,0.0,0.0,Erfan,Aminipour,2026-09-18T13:53:05.369447,,,
DATA,9.888,-6.0,0.439999938,-7.6,0.0,0.0,0.0,-6.0,-0.360000074,-6.0,0.0,0.0,0.0,-6.0,0.439999938,-7.6,0.0,0.0,0.0,-6.0,0.439999938,-7.6,0.0,0.0,0.0,0.0,0.0,0.0,0.0,0.0,0.0,0.0,0,0,0,0,0,0.0,0.0,Erfan,Aminipour,2026-09-18T13:53:05.421931,,,
DATA,9.938,-6.0,0.439999938,-7.6,0.0,0.0,0.0,-6.0,-0.360000074,-6.0,0.0,0.0,0.0,-6.0,0.439999938,-7.6,0.0,0.0,0.0,-6.0,0.439999938,-7.6,0.0,0.0,0.0,0.0,0.0,0.0,0.0,0.0,0.0,0.0,0,0,0,0,0,0.0,0.0,Erfan,Aminipour,2026-09-18T13:53:05.470887,,,
DATA,9.989,-6.0,0.439999938,-7.6,0.0,0.0,0.0,-6.0,-0.360000074,-6.0,0.0,0.0,0.0,-6.0,0.439999938,-7.6,0.0,0.0,0.0,-6.0,0.439999938,-7.6,0.0,0.0,0.0,0.0,0.0,0.0,0.0,0.0,0.0,0.0,0,0,0,0,0,0.0,0.0,Erfan,Aminipour,2026-09-18T13:53:05.522921,,,
DATA,10.037,-6.0,0.439999938,-7.6,0.0,0.0,0.0,-6.0,-0.360000074,-6.0,0.0,0.0,0.0,-6.0,0.439999938,-7.6,0.0,0.0,0.0,-6.0,0.439999938,-7.6,0.0,0.0,0.0,0.0,0.0,0.0,0.0,0.0,0.0,0.0,0,0,0,0,0,0.0,0.0,Erfan,Aminipour,2026-09-18T13:53:05.569896,,,
DATA,10.084,-6.0,0.439999938,-7.6,0.0,0.0,0.0,-6.0,-0.360000074,-6.0,0.0,0.0,0.0,-6.0,0.439999938,-7.6,0.0,0.0,0.0,-6.0,0.439999938,-7.6,0.0,0.0,0.0,0.0,0.0,0.0,0.0,0.0,0.0,0.0,0,0,0,0,0,0.0,0.0,Erfan,Aminipour,2026-09-18T13:53:05.617875,,,
DATA,10.137,-6.0,0.439999938,-7.6,0.0,0.0,0.0,-6.0,-0.360000074,-6.0,0.0,0.0,0.0,-6.0,0.439999938,-7.6,0.0,0.0,0.0,-6.0,0.439999938,-7.6,0.0,0.0,0.0,0.0,0.0,0.0,0.0,0.0,0.0,0.0,0,0,0,0,0,0.0,0.0,Erfan,Aminipour,2026-09-18T13:53:05.670221,,,
DATA,10.186,-6.0,0.439999938,-7.6,0.0,0.0,0.0,-6.0,-0.360000074,-6.0,0.0,0.0,0.0,-6.0,0.439999938,-7.6,0.0,0.0,0.0,-6.0,0.439999938,-7.6,0.0,0.0,0.0,0.0,0.0,0.0,0.0,0.0,0.0,0.0,0,0,0,0,0,0.0,0.0,Erfan,Aminipour,2026-09-18T13:53:05.719427,,,
DATA,10.236,-6.0,0.439999938,-7.6,0.0,0.0,0.0,-6.0,-0.360000074,-6.0,0.0,0.0,0.0,-6.0,0.439999938,-7.6,0.0,0.0,0.0,-6.0,0.439999938,-7.6,0.0,0.0,0.0,0.0,0.0,0.0,0.0,0.0,0.0,0.0,0,0,0,0,0,0.0,0.0,Erfan,Aminipour,2026-09-18T13:53:05.769172,,,
DATA,10.287,-6.0,0.439999938,-7.6,0.0,0.0,0.0,-6.0,-0.360000074,-6.0,0.0,0.0,0.0,-6.0,0.439999938,-7.6,0.0,0.0,0.0,-6.0,0.439999938,-7.6,0.0,0.0,0.0,0.0,0.0,0.0,0.0,0.0,0.0,0.0,0,0,0,0,0,0.0,0.0,Erfan,Aminipour,2026-09-18T13:53:05.821463,,,
DATA,10.335,-6.0,0.439999938,-7.6,0.0,0.0,0.0,-6.0,-0.360000074,-6.0,0.0,0.0,0.0,-6.0,0.439999938,-7.6,0.0,0.0,0.0,-6.0,0.439999938,-7.6,0.0,0.0,0.0,0.0,0.0,0.0,0.0,0.0,0.0,0.0,0,0,0,0,0,0.0,0.0,Erfan,Aminipour,2026-09-18T13:53:05.869154,,,
DATA,10.387,-6.0,0.439999938,-7.6,0.0,0.0,0.0,-6.0,-0.360000074,-6.0,0.0,0.0,0.0,-6.0,0.439999938,-7.6,0.0,0.0,0.0,-6.0,0.439999938,-7.6,0.0,0.0,0.0,0.0,0.0,0.0,0.0,0.0,0.0,0.0,0,0,0,0,0,0.0,0.0,Erfan,Aminipour,2026-09-18T13:53:05.919742,,,
DATA,10.436,-6.0,0.439999938,-7.6,0.0,0.0,0.0,-6.0,-0.360000074,-6.0,0.0,0.0,0.0,-6.0,0.439999938,-7.6,0.0,0.0,0.0,-6.0,0.439999938,-7.6,0.0,0.0,0.0,0.0,0.0,0.0,0.0,0.0,0.0,0.0,0,0,0,0,0,0.0,0.0,Erfan,Aminipour,2026-09-18T13:53:05.969820,,,
EVENT,10.472,,,,,,,,,,,,,,,,,,,,,,,,,,,,,,,,0,0,,,,0.0,0.0,Erfan,Aminipour,2026-09-18T13:53:06.016701,PANEL_EVENT,PANEL_CLOSED_TRANSFER,Transfer Panel closed.
EVENT,10.473,,,,,,,,,,,,,,,,,,,,,,,,,,,,,,,,0,0,,,,0.0,0.0,Erfan,Aminipour,2026-09-18T13:53:06.040540,GAME_EVENT,GAME_STARTED,
EVENT,10.486,,,,,,,,,,,,,,,,,,,,,,,,,,,,,,,,1,1,,,,0.0,0.0,Erfan,Aminipour,2026-09-18T13:53:06.058528,GAME_EVENT,MAZE_STARTED,Maze=1; Attempt=1
DATA,10.498,-10.0,0.8,-11.6,0.0,0.0,0.0,-10.0,0.0,-10.0,0.0,0.0,0.0,-10.0,0.8,-11.6,0.0,0.0,0.0,-10.0,0.8,-11.6,0.0,0.0,0.0,0.0,0.0,0.0,0.0,0.0,0.0,0.0,1,1,0,15,0,0.02635622,0.02635622,Erfan,Aminipour,2026-09-18T13:53:06.080992,,,
DATA,10.538,-10.0,0.7938728,-11.6,0.0,0.0,0.0,-10.0,-0.00612723827,-10.0,0.0,0.0,0.0,-10.0,0.7938728,-11.6,0.0,0.0,0.0,-10.0,0.7938728,-11.6,0.0,0.0,0.0,0.0,0.0,0.0,0.0,0.0,0.0,0.0,1,1,0,15,0,0.06522226,0.06522226,Erfan,Aminipour,2026-09-18T13:53:06.102419,,,
DATA,10.589,-10.0,0.7609087,-11.6,0.0,0.0,0.0,-10.0,-0.03909129,-10.0,0.0,0.0,0.0,-10.0,0.7609087,-11.6,0.0,0.0,0.0,-10.0,0.7609087,-11.6,0.0,0.0,0.0,0.0,0.0,0.0,0.0,0.0,0.0,0.0,1,1,0,15,0,0.11852026,0.11852026,Erfan,Aminipour,2026-09-18T13:53:06.124078,,,
DATA,10.639,-10.0,0.705283165,-11.6,0.0,0.0,0.0,-10.0,-0.09471685,-10.0,0.0,0.0,0.0,-10.0,0.705283165,-11.6,0.0,0.0,0.0,-10.0,0.705283165,-11.6,0.0,0.0,0.0,0.0,0.0,0.0,0.0,0.0,0.0,0.0,1,1,0,15,0,0.167261124,0.167261124,Erfan,Aminipour,2026-09-18T13:53:06.173338,,,
DATA,10.686,-10.0,0.64,-11.6,0.0,0.0,0.0,-10.0,-0.160000026,-10.0,0.0,0.0,0.0,-10.0,0.64,-11.6,0.0,0.0,0.0,-10.0,0.64,-11.6,0.0,0.0,0.0,0.0,0.0,0.0,0.0,0.0,0.0,0.0,1,1,0,15,0,0.21391201,0.21391201,Erfan,Aminipour,2026-09-18T13:53:06.218604,,,
DATA,10.739,-10.0,0.6399999,-11.6,0.0,0.0,0.0,-10.0,-0.160000086,-10.0,0.0,0.0,0.0,-10.0,0.6399999,-11.6,0.0,0.0,0.0,-10.0,0.6399999,-11.6,0.0,0.0,0.0,0.0,0.0,0.0,0.0,0.0,0.0,0.0,1,1,0,15,0,0.26657486,0.26657486,Erfan,Aminipour,2026-09-18T13:53:06.272316,,,
DATA,10.786,-10.0,0.6399999,-11.6,0.0,0.0,0.0,-10.0,-0.160000086,-10.0,0.0,0.0,0.0,-10.0,0.6399999,-11.6,0.0,0.0,0.0,-10.0,0.6399999,-11.6,0.0,0.0,0.0,0.0,0.0,0.0,0.0,0.0,0.0,0.0,1,1,0,15,0,0.314434052,0.314434052,Erfan,Aminipour,2026-09-18T13:53:06.320057,,,
DATA,10.838,-10.0,0.639999866,-11.6,0.0,0.0,0.0,-10.0,-0.160000145,-10.0,0.0,0.0,0.0,-10.0,0.639999866,-11.6,0.0,0.0,0.0,-10.0,0.639999866,-11.6,0.0,0.0,0.0,0.0,0.0,0.0,0.0,0.0,0.0,0.0,1,1,0,15,0,0.36644268,0.36644268,Erfan,Aminipour,2026-09-18T13:53:06.371263,,,
DATA,10.888,-10.0,0.639999866,-11.6,0.0,0.0,0.0,-10.0,-0.160000145,-10.0,0.0,0.0,0.0,-10.0,0.639999866,-11.6,0.0,0.0,0.0,-10.0,0.639999866,-11.6,0.0,0.0,0.0,0.0,0.0,0.0,0.0,0.0,0.0,0.0,1,1,0,15,0,0.4164486,0.4164486,Erfan,Aminipour,2026-09-18T13:53:06.421384,,,
DATA,10.935,-10.0,0.639999866,-11.6,0.0,0.0,0.0,-10.0,-0.160000145,-10.0,0.0,0.0,0.0,-10.0,0.639999866,-11.6,0.0,0.0,0.0,-10.0,0.639999866,-11.6,0.0,0.0,0.0,0.0,0.0,0.0,0.0,0.0,0.0,0.0,1,1,0,15,0,0.4635563,0.4635563,Erfan,Aminipour,2026-09-18T13:53:06.468859,,,
DATA,10.987,-10.0,0.639999866,-11.6,0.0,0.0,0.0,-10.0,-0.160000145,-10.0,0.0,0.0,0.0,-10.0,0.639999866,-11.6,0.0,0.0,0.0,-10.0,0.639999866,-11.6,0.0,0.0,0.0,0.0,0.0,0.0,0.0,0.0,0.0,0.0,1,1,0,15,0,0.515749931,0.515749931,Erfan,Aminipour,2026-09-18T13:53:06.521247,,,
DATA,11.037,-10.0,0.639999866,-11.6,0.0,0.0,0.0,-10.0,-0.160000145,-10.0,0.0,0.0,0.0,-10.0,0.639999866,-11.6,0.0,0.0,0.0,-10.0,0.639999866,-11.6,0.0,0.0,0.0,0.0,0.0,0.0,0.0,0.0,0.0,0.0,1,1,0,15,0,0.5652628,0.5652628,Erfan,Aminipour,2026-09-18T13:53:06.571307,,,
DATA,11.085,-10.0,0.639999866,-11.6,0.0,0.0,0.0,-10.0,-0.160000145,-10.0,0.0,0.0,0.0,-10.0,0.639999866,-11.6,0.0,0.0,0.0,-10.0,0.639999866,-11.6,0.0,0.0,0.0,0.0,0.0,0.0,0.0,0.0,0.0,0.0,1,1,0,15,0,0.613322258,0.613322258,Erfan,Aminipour,2026-09-18T13:53:06.618424,,,
DATA,11.136,-10.0,0.639999866,-11.6,0.0,0.0,0.0,-10.0,-0.160000145,-10.0,0.0,0.0,0.0,-10.0,0.639999866,-11.6,0.0,0.0,0.0,-10.0,0.639999866,-11.6,0.0,0.0,0.0,0.0,0.0,0.0,0.0,0.0,0.0,0.0,1,1,0,15,0,0.6645422,0.6645422,Erfan,Aminipour,2026-09-18T13:53:06.670602,,,
DATA,11.186,-10.0,0.639999866,-11.6,0.0,0.0,0.0,-10.0,-0.160000145,-10.0,0.0,0.0,0.0,-10.0,0.639999866,-11.6,0.0,0.0,0.0,-10.0,0.639999866,-11.6,0.0,0.0,0.0,0.0,0.0,0.0,0.0,0.0,0.0,0.0,1,1,0,15,0,0.7140093,0.7140093,Erfan,Aminipour,2026-09-18T13:53:06.719756,,,
DATA,11.238,-10.0,0.639999866,-11.6,0.0,0.0,0.0,-10.0,-0.160000145,-10.0,0.0,0.0,0.0,-10.0,0.639999866,-11.6,0.0,0.0,0.0,-10.0,0.639999866,-11.6,0.0,0.0,0.0,0.0,0.0,0.0,0.0,0.0,0.0,0.0,1,1,0,15,0,0.7653923,0.7653923,Erfan,Aminipour,2026-09-18T13:53:06.770893,,,
DATA,11.285,-10.0,0.639999866,-11.6,0.0,0.0,0.0,-10.0,-0.160000145,-10.0,0.0,0.0,0.0,-10.0,0.639999866,-11.6,0.0,0.0,0.0,-10.0,0.639999866,-11.6,0.0,0.0,0.0,0.0,0.0,0.0,0.0,0.0,0.0,0.0,1,1,0,15,0,0.8129015,0.8129015,Erfan,Aminipour,2026-09-18T13:53:06.817869,,,
DATA,11.335,-10.0,0.639999866,-11.6,0.0,0.0,0.0,-10.0,-0.160000145,-10.0,0.0,0.0,0.0,-10.0,0.639999866,-11.6,0.0,0.0,0.0,-10.0,0.639999866,-11.6,0.0,0.0,0.0,0.0,0.0,0.0,0.0,0.0,0.0,0.0,1,1,0,15,0,0.863419533,0.863419533,Erfan,Aminipour,2026-09-18T13:53:06.869242,,,
DATA,11.386,-10.0,0.639999866,-11.6,0.0,0.0,0.0,-10.0,-0.160000145,-10.0,0.0,0.0,0.0,-10.0,0.639999866,-11.6,0.0,0.0,0.0,-10.0,0.639999866,-11.6,0.0,0.0,0.0,0.0,0.0,0.0,0.0,0.0,0.0,0.0,1,1,0,15,0,0.91461277,0.91461277,Erfan,Aminipour,2026-09-18T13:53:06.919780,,,
DATA,11.438,-10.0,0.639999866,-11.6,0.0,0.0,0.0,-10.0,-0.160000145,-10.0,0.0,0.0,0.0,-10.0,0.639999866,-11.6,0.0,0.0,0.0,-10.0,0.639999866,-11.6,0.0,0.0,0.0,0.0,0.0,0.0,0.0,0.0,0.0,0.0,1,1,0,15,0,0.965724,0.965724,Erfan,Aminipour,2026-09-18T13:53:06.971288,,,
DATA,11.484,-10.0,0.639999866,-11.6,0.0,0.0,0.0,-10.0,-0.160000145,-10.0,0.0,0.0,0.0,-10.0,0.639999866,-11.6,0.0,0.0,0.0,-10.0,0.639999866,-11.6,0.0,0.0,0.0,0.0,0.0,0.0,0.0,0.0,0.0,0.0,1,1,0,15,0,1.01264668,1.01264668,Erfan,Aminipour,2026-09-18T13:53:07.018615,,,
DATA,11.536,-10.0,0.639999866,-11.6,0.0,0.0,0.0,-10.0,-0.160000145,-10.0,0.0,0.0,0.0,-10.0,0.639999866,-11.6,0.0,0.0,0.0,-10.0,0.639999866,-11.6,0.0,0.0,0.0,0.0,0.0,0.0,0.0,0.0,0.0,0.0,1,1,0,15,0,1.06541538,1.06541538,Erfan,Aminipour,2026-09-18T13:53:07.071271,,,
DATA,11.586,-10.0,0.639999866,-11.6,0.0,0.0,0.0,-10.0,-0.160000145,-10.0,0.0,0.0,0.0,-10.0,0.639999866,-11.6,0.0,0.0,0.0,-10.0,0.639999866,-11.6,0.0,0.0,0.0,0.0,0.0,0.0,0.0,0.0,0.0,0.0,1,1,0,15,0,1.1143961,1.1143961,Erfan,Aminipour,2026-09-18T13:53:07.119533,,,
DATA,11.637,-10.0,0.639999866,-11.6,0.0,0.0,0.0,-10.0,-0.160000145,-10.0,0.0,0.0,0.0,-10.0,0.639999866,-11.6,0.0,0.0,0.0,-10.0,0.639999866,-11.6,0.0,0.0,0.0,0.0,0.0,0.0,0.0,0.0,0.0,0.0,1,1,0,15,0,1.16565323,1.16565323,Erfan,Aminipour,2026-09-18T13:53:07.171023,,,
DATA,11.689,-10.0,0.639999866,-11.6,0.0,0.0,0.0,-10.0,-0.160000145,-10.0,0.0,0.0,0.0,-10.0,0.639999866,-11.6,0.0,0.0,0.0,-10.0,0.639999866,-11.6,0.0,0.0,0.0,0.0,0.0,0.0,0.0,0.0,0.0,0.0,1,1,0,15,0,1.21711159,1.21711159,Erfan,Aminipour,2026-09-18T13:53:07.221605,,,
DATA,11.735,-10.0,0.639999866,-11.6,0.0,0.0,0.0,-10.0,-0.160000145,-10.0,0.0,0.0,0.0,-10.0,0.639999866,-11.6,0.0,0.0,0.0,-10.0,0.639999866,-11.6,0.0,0.0,0.0,0.0,0.0,0.0,0.0,0.0,0.0,0.0,1,1,0,15,0,1.26292324,1.26292324,Erfan,Aminipour,2026-09-18T13:53:07.262983,,,
DATA,11.787,-10.0,0.639999866,-11.6,0.0,0.0,0.0,-10.0,-0.160000145,-10.0,0.0,0.0,0.0,-10.0,0.639999866,-11.6,0.0,0.0,0.0,-10.0,0.639999866,-11.6,0.0,0.0,0.0,0.0,0.0,0.0,0.0,0.0,0.0,0.0,1,1,0,15,0,1.31540012,1.31540012,Erfan,Aminipour,2026-09-18T13:53:07.321678,,,
DATA,11.837,-10.0,0.639999866,-11.6,0.0,0.0,0.0,-10.0,-0.160000145,-10.0,0.0,0.0,0.0,-10.0,0.639999866,-11.6,0.0,0.0,0.0,-10.0,0.639999866,-11.6,0.0,0.0,0.0,0.0,0.0,0.0,0.0,0.0,0.0,0.0,1,1,0,15,0,1.36522961,1.36522961,Erfan,Aminipour,2026-09-18T13:53:07.370296,,,
DATA,11.889,-10.0,0.639999866,-11.6,0.0,0.0,0.0,-10.0,-0.160000145,-10.0,0.0,0.0,0.0,-10.0,0.639999866,-11.6,0.0,0.0,0.0,-10.0,0.639999866,-11.6,0.0,0.0,0.0,0.0,0.0,0.0,0.0,0.0,0.0,0.0,1,1,0,15,0,1.416687,1.416687,Erfan,Aminipour,2026-09-18T13:53:07.421247,,,
DATA,11.936,-10.0,0.639999866,-11.6,0.0,0.0,0.0,-10.0,-0.160000145,-10.0,0.0,0.0,0.0,-10.0,0.639999866,-11.6,0.0,0.0,0.0,-10.0,0.639999866,-11.6,0.0,0.0,0.0,0.0,0.0,0.0,0.0,0.0,0.0,0.0,1,1,0,15,0,1.46438122,1.46438122,Erfan,Aminipour,2026-09-18T13:53:07.470570,,,
DATA,11.988,-10.0,0.639999866,-11.6,0.0,0.0,0.0,-10.0,-0.160000145,-10.0,0.0,0.0,0.0,-10.0,0.639999866,-11.6,0.0,0.0,0.0,-10.0,0.639999866,-11.6,0.0,0.0,0.0,0.0,0.0,0.0,0.0,0.0,0.0,0.0,1,1,0,15,0,1.51604939,1.51604939,Erfan,Aminipour,2026-09-18T13:53:07.520953,,,
DATA,12.037,-10.0,0.639999866,-11.6,0.0,0.0,0.0,-10.0,-0.160000145,-10.0,0.0,0.0,0.0,-10.0,0.639999866,-11.6,0.0,0.0,0.0,-10.0,0.639999866,-11.6,0.0,0.0,0.0,0.0,0.0,0.0,0.0,0.0,0.0,0.0,1,1,0,15,0,1.56524181,1.56524181,Erfan,Aminipour,2026-09-18T13:53:07.583190,,,
DATA,12.086,-10.0,0.639999866,-11.6,0.0,0.0,0.0,-10.0,-0.160000145,-10.0,0.0,0.0,0.0,-10.0,0.639999866,-11.6,0.0,0.0,0.0,-10.0,0.639999866,-11.6,0.0,0.0,0.0,0.0,0.0,0.0,0.0,0.0,0.0,0.0,1,1,0,15,0,1.615797,1.615797,Erfan,Aminipour,2026-09-18T13:53:07.622244,,,
DATA,12.136,-10.0,0.639999866,-11.6,0.0,0.0,0.0,-10.0,-0.160000145,-10.0,0.0,0.0,0.0,-10.0,0.639999866,-11.6,0.0,0.0,0.0,-10.0,0.639999866,-11.6,0.0,0.0,0.0,0.0,0.0,0.0,0.0,0.0,0.0,0.0,1,1,0,15,0,1.66499138,1.66499138,Erfan,Aminipour,2026-09-18T13:53:07.670776,,,
DATA,12.188,-10.0,0.639999866,-11.6,0.0,0.0,0.0,-10.0,-0.160000145,-10.0,0.0,0.0,0.0,-10.0,0.639999866,-11.6,0.0,0.0,0.0,-10.0,0.639999866,-11.6,0.0,0.0,0.0,0.0,0.0,0.0,0.0,0.0,0.0,0.0,1,1,0,15,0,1.71628,1.71628,Erfan,Aminipour,2026-09-18T13:53:07.722352,,,
DATA,12.238,-10.0,0.639999866,-11.6,0.0,0.0,0.0,-10.0,-0.160000145,-10.0,0.0,0.0,0.0,-10.0,0.639999866,-11.6,0.0,0.0,0.0,-10.0,0.639999866,-11.6,0.0,0.0,0.0,0.0,0.0,0.0,0.0,0.0,0.0,0.0,1,1,0,15,0,1.76635647,1.76635647,Erfan,Aminipour,2026-09-18T13:53:07.771380,,,
DATA,12.288,-10.0,0.639999866,-11.6,0.0,0.0,0.0,-10.0,-0.160000145,-10.0,0.0,0.0,0.0,-10.0,0.639999866,-11.6,0.0,0.0,0.0,-10.0,0.639999866,-11.6,0.0,0.0,0.0,0.0,0.0,0.0,0.0,0.0,0.0,0.0,1,1,0,15,0,1.81635094,1.81635094,Erfan,Aminipour,2026-09-18T13:53:07.822114,,,
DATA,12.334,-10.0,0.639999866,-11.6,0.0,0.0,0.0,-10.0,-0.160000145,-10.0,0.0,0.0,0.0,-10.0,0.639999866,-11.6,0.0,0.0,0.0,-10.0,0.639999866,-11.6,0.0,0.0,0.0,0.0,0.0,0.0,0.0,0.0,0.0,0.0,1,1,0,15,0,1.86306572,1.86306572,Erfan,Aminipour,2026-09-18T13:53:07.868156,,,
DATA,12.388,-10.0,0.639999866,-11.6,0.0,0.0,0.0,-10.0,-0.160000145,-10.0,0.0,0.0,0.0,-10.0,0.639999866,-11.6,0.0,0.0,0.0,-10.0,0.639999866,-11.6,0.0,0.0,0.0,0.0,0.0,0.0,0.0,0.0,0.0,0.0,1,1,0,15,0,1.916853,1.916853,Erfan,Aminipour,2026-09-18T13:53:07.922433,,,
DATA,12.436,-10.0,0.639999866,-11.6,0.0,0.0,0.0,-10.0,-0.160000145,-10.0,0.0,0.0,0.0,-10.0,0.639999866,-11.6,0.0,0.0,0.0,-10.0,0.639999866,-11.6,0.0,0.0,0.0,0.0,0.0,0.0,0.0,0.0,0.0,0.0,1,1,0,15,0,1.96474075,1.96474075,Erfan,Aminipour,2026-09-18T13:53:07.971039,,,
DATA,12.486,-10.0,0.639999866,-11.6,0.0,0.0,0.0,-10.0,-0.160000145,-10.0,0.0,0.0,0.0,-10.0,0.639999866,-11.6,0.0,0.0,0.0,-10.0,0.639999866,-11.6,0.0,0.0,0.0,0.0,0.0,0.0,0.0,0.0,0.0,0.0,1,1,0,15,0,2.014079,2.014079,Erfan,Aminipour,2026-09-18T13:53:08.019794,,,
DATA,12.534,-10.0,0.639999866,-11.6,0.0,0.0,0.0,-10.0,-0.160000145,-10.0,0.0,0.0,0.0,-10.0,0.639999866,-11.6,0.0,0.0,0.0,-10.0,0.639999866,-11.6,0.0,0.0,0.0,0.0,0.0,0.0,0.0,0.0,0.0,0.0,1,1,0,15,0,2.0632658,2.0632658,Erfan,Aminipour,2026-09-18T13:53:08.069616,,,
DATA,12.585,-10.0,0.639999866,-11.6,0.0,0.0,0.0,-10.0,-0.160000145,-10.0,0.0,0.0,0.0,-10.0,0.639999866,-11.6,0.0,0.0,0.0,-10.0,0.639999866,-11.6,0.0,0.0,0.0,0.0,0.0,0.0,0.0,0.0,0.0,0.0,1,1,0,15,0,2.11370945,2.11370945,Erfan,Aminipour,2026-09-18T13:53:08.119962,,,
DATA,12.64,-10.0,0.639999866,-11.6,0.0,0.0,0.0,-10.0,-0.160000145,-10.0,0.0,0.0,0.0,-10.0,0.639999866,-11.6,0.0,0.0,0.0,-10.0,0.639999866,-11.6,0.0,0.0,0.0,0.0,0.0,0.0,0.0,0.0,0.0,0.0,1,1,0,15,0,2.167368,2.167368,Erfan,Aminipour,2026-09-18T13:53:08.172382,,,
DATA,12.688,-10.0,0.639999866,-11.6,0.0,0.0,0.0,-10.0,-0.160000145,-10.0,0.0,0.0,0.0,-10.0,0.639999866,-11.6,0.0,0.0,0.0,-10.0,0.639999866,-11.6,0.0,0.0,0.0,0.0,0.0,0.0,0.0,0.0,0.0,0.0,1,1,0,15,0,2.21721268,2.21721268,Erfan,Aminipour,2026-09-18T13:53:08.223454,,,
DATA,12.739,-10.0,0.639999866,-11.6,0.0,0.0,0.0,-10.0,-0.160000145,-10.0,0.0,0.0,0.0,-10.0,0.639999866,-11.6,0.0,0.0,0.0,-10.0,0.639999866,-11.6,0.0,0.0,0.0,0.0,0.0,0.0,0.0,0.0,0.0,0.0,1,1,0,15,0,2.26686,2.26686,Erfan,Aminipour,2026-09-18T13:53:08.273132,,,
DATA,12.788,-10.0,0.639999866,-11.6,0.0,0.0,0.0,-10.0,-0.160000145,-10.0,0.0,0.0,0.0,-10.0,0.639999866,-11.6,0.0,0.0,0.0,-10.0,0.639999866,-11.6,0.0,0.0,0.0,0.0,0.0,0.0,0.0,0.0,0.0,0.0,1,1,0,15,0,2.31739235,2.31739235,Erfan,Aminipour,2026-09-18T13:53:08.322437,,,
DATA,12.839,-10.0,0.639999866,-11.6,0.0,0.0,0.0,-10.0,-0.160000145,-10.0,0.0,0.0,0.0,-10.0,0.639999866,-11.6,0.0,0.0,0.0,-10.0,0.639999866,-11.6,0.0,0.0,0.0,0.0,0.0,0.0,0.0,0.0,0.0,0.0,1,1,0,15,0,2.36710739,2.36710739,Erfan,Aminipour,2026-09-18T13:53:08.372821,,,
DATA,12.888,-10.0,0.639999866,-11.6,0.0,0.0,0.0,-10.0,-0.160000145,-10.0,0.0,0.0,0.0,-10.0,0.639999866,-11.6,0.0,0.0,0.0,-10.0,0.639999866,-11.6,0.0,0.0,0.0,0.0,0.0,0.0,0.0,0.0,0.0,0.0,1,1,0,15,0,2.416912,2.416912,Erfan,Aminipour,2026-09-18T13:53:08.421628,,,
DATA,12.938,-10.0,0.639999866,-11.6,0.0,0.0,0.0,-10.0,-0.160000145,-10.0,0.0,0.0,0.0,-10.0,0.639999866,-11.6,0.0,0.0,0.0,-10.0,0.639999866,-11.6,0.0,0.0,0.0,0.0,0.0,0.0,0.0,0.0,0.0,0.0,1,1,0,15,0,2.4663372,2.4663372,Erfan,Aminipour,2026-09-18T13:53:08.472087,,,
DATA,12.988,-10.0,0.639999866,-11.6,0.0,0.0,0.0,-10.0,-0.160000145,-10.0,0.0,0.0,0.0,-10.0,0.639999866,-11.6,0.0,0.0,0.0,-10.0,0.639999866,-11.6,0.0,0.0,0.0,0.0,0.0,0.0,0.0,0.0,0.0,0.0,1,1,0,15,0,2.516366,2.516366,Erfan,Aminipour,2026-09-18T13:53:08.521063,,,
DATA,13.036,-10.0,0.639999866,-11.6,0.0,0.0,0.0,-10.0,-0.160000145,-10.0,0.0,0.0,0.0,-10.0,0.639999866,-11.6,0.0,0.0,0.0,-10.0,0.639999866,-11.6,0.0,0.0,0.0,0.0,0.0,0.0,0.0,0.0,0.0,0.0,1,1,0,15,0,2.5643158,2.5643158,Erfan,Aminipour,2026-09-18T13:53:08.564215,,,
DATA,13.087,-10.0,0.639999866,-11.6,0.0,0.0,0.0,-10.0,-0.160000145,-10.0,0.0,0.0,0.0,-10.0,0.639999866,-11.6,0.0,0.0,0.0,-10.0,0.639999866,-11.6,0.0,0.0,0.0,0.0,0.0,0.0,0.0,0.0,0.0,0.0,1,1,0,15,0,2.61539745,2.61539745,Erfan,Aminipour,2026-09-18T13:53:08.622148,,,
DATA,13.137,-10.0,0.639999866,-11.6,0.0,0.0,0.0,-10.0,-0.160000145,-10.0,0.0,0.0,0.0,-10.0,0.639999866,-11.6,0.0,0.0,0.0,-10.0,0.639999866,-11.6,0.0,0.0,0.0,0.0,0.0,0.0,0.0,0.0,0.0,0.0,1,1,0,15,0,2.665227,2.665227,Erfan,Aminipour,2026-09-18T13:53:08.671804,,,
DATA,13.187,-10.0,0.639999866,-11.6,0.0,0.0,0.0,-10.0,-0.160000145,-10.0,0.0,0.0,0.0,-10.0,0.639999866,-11.6,0.0,0.0,0.0,-10.0,0.639999866,-11.6,0.0,0.0,0.0,0.0,0.0,0.0,0.0,0.0,0.0,0.0,1,1,0,15,0,2.71498871,2.71498871,Erfan,Aminipour,2026-09-18T13:53:08.722608,,,
DATA,13.238,-10.0,0.639999866,-11.6,0.0,0.0,0.0,-10.0,-0.160000145,-10.0,0.0,0.0,0.0,-10.0,0.639999866,-11.6,0.0,0.0,0.0,-10.0,0.639999866,-11.6,0.0,0.0,0.0,0.0,0.0,0.0,0.0,0.0,0.0,0.0,1,1,0,15,0,2.766529,2.766529,Erfan,Aminipour,2026-09-18T13:53:08.772439,,,
DATA,13.288,-10.0,0.639999866,-11.6,0.0,0.0,0.0,-10.0,-0.160000145,-10.0,0.0,0.0,0.0,-10.0,0.639999866,-11.6,0.0,0.0,0.0,-10.0,0.639999866,-11.6,0.0,0.0,0.0,0.0,0.0,0.0,0.0,0.0,0.0,0.0,1,1,0,15,0,2.81564713,2.81564713,Erfan,Aminipour,2026-09-18T13:53:08.822799,,,
DATA,13.336,-10.0,0.639999866,-11.6,0.0,0.0,0.0,-10.0,-0.160000145,-10.0,0.0,0.0,0.0,-10.0,0.639999866,-11.6,0.0,0.0,0.0,-10.0,0.639999866,-11.6,0.0,0.0,0.0,0.0,0.0,0.0,0.0,0.0,0.0,0.0,1,1,0,15,0,2.86391354,2.86391354,Erfan,Aminipour,2026-09-18T13:53:08.869842,,,
DATA,13.384,-10.0,0.639999866,-11.6,0.0,0.0,0.0,-10.0,-0.160000145,-10.0,0.0,0.0,0.0,-10.0,0.639999866,-11.6,0.0,0.0,0.0,-10.0,0.639999866,-11.6,0.0,0.0,0.0,0.0,0.0,0.0,0.0,0.0,0.0,0.0,1,1,0,15,0,2.913065,2.913065,Erfan,Aminipour,2026-09-18T13:53:08.919767,,,
DATA,13.435,-10.0,0.639999866,-11.6,0.0,0.0,0.0,-10.0,-0.160000145,-10.0,0.0,0.0,0.0,-10.0,0.639999866,-11.6,0.0,0.0,0.0,-10.0,0.639999866,-11.6,0.0,0.0,0.0,0.0,0.0,0.0,0.0,0.0,0.0,0.0,1,1,0,15,0,2.96338081,2.96338081,Erfan,Aminipour,2026-09-18T13:53:08.969511,,,
EVENT,13.46,,,,,,,,,,,,,,,,,,,,,,,,,,,,,,,,1,1,,,,2.9874,2.9874,Erfan,Aminipour,2026-09-18T13:53:08.989703,PANEL_EVENT,PANEL_OPENED_EXIT_CONFIRMATION,Exit confirmation panel opened.
DATA,13.489,-10.0,0.639999866,-11.6,0.0,0.0,0.0,-10.0,-0.160000145,-10.0,0.0,0.0,0.0,-10.0,0.639999866,-11.6,0.0,0.0,0.0,-10.0,0.639999866,-11.6,0.0,0.0,0.0,0.0,0.0,0.0,0.0,0.0,0.0,1.0,1,1,0,15,0,3.01729965,3.01729965,Erfan,Aminipour,2026-09-18T13:53:09.023225,,,
DATA,13.537,-10.0,0.639999866,-11.6,0.0,0.0,0.0,-10.0,-0.160000145,-10.0,0.0,0.0,0.0,-10.0,0.639999866,-11.6,0.0,0.0,0.0,-10.0,0.639999866,-11.6,0.0,0.0,0.0,0.0,0.0,0.0,0.0,0.0,0.0,1.0,1,1,0,15,0,3.06450367,3.06450367,Erfan,Aminipour,2026-09-18T13:53:09.071493,,,
DATA,13.589,-10.0,0.639999866,-11.6,0.0,0.0,0.0,-10.0,-0.160000145,-10.0,0.0,0.0,0.0,-10.0,0.639999866,-11.6,0.0,0.0,0.0,-10.0,0.639999866,-11.6,0.0,0.0,0.0,0.0,0.0,0.0,0.0,0.0,0.0,1.0,1,1,0,15,0,3.11699772,3.11699772,Erfan,Aminipour,2026-09-18T13:53:09.122738,,,
DATA,13.636,-10.0,0.639999866,-11.6,0.0,0.0,0.0,-10.0,-0.160000145,-10.0,0.0,0.0,0.0,-10.0,0.639999866,-11.6,0.0,0.0,0.0,-10.0,0.639999866,-11.6,0.0,0.0,0.0,0.0,0.0,0.0,0.0,0.0,0.0,1.0,1,1,0,15,0,3.16377258,3.16377258,Erfan,Aminipour,2026-09-18T13:53:09.170104,,,
DATA,13.686,-10.0,0.639999866,-11.6,0.0,0.0,0.0,-10.0,-0.160000145,-10.0,0.0,0.0,0.0,-10.0,0.639999866,-11.6,0.0,0.0,0.0,-10.0,0.639999866,-11.6,0.0,0.0,0.0,0.0,0.0,0.0,0.0,0.0,0.0,0.0,1,1,0,15,0,3.21437263,3.21437263,Erfan,Aminipour,2026-09-18T13:53:09.220163,,,
DATA,13.736,-10.0,0.639999866,-11.6,0.0,0.0,0.0,-10.0,-0.160000145,-10.0,0.0,0.0,0.0,-10.0,0.639999866,-11.6,0.0,0.0,0.0,-10.0,0.639999866,-11.6,0.0,0.0,0.0,0.0,0.0,0.0,0.0,0.0,0.0,0.0,1,1,0,15,0,3.263793,3.263793,Erfan,Aminipour,2026-09-18T13:53:09.269937,,,
DATA,13.785,-10.0,0.639999866,-11.6,0.0,0.0,0.0,-10.0,-0.160000145,-10.0,0.0,0.0,0.0,-10.0,0.639999866,-11.6,0.0,0.0,0.0,-10.0,0.639999866,-11.6,0.0,0.0,0.0,0.0,0.0,0.0,0.0,0.0,0.0,0.0,1,1,0,15,0,3.31336117,3.31336117,Erfan,Aminipour,2026-09-18T13:53:09.318615,,,
DATA,13.837,-10.0,0.639999866,-11.6,0.0,0.0,0.0,-10.0,-0.160000145,-10.0,0.0,0.0,0.0,-10.0,0.639999866,-11.6,0.0,0.0,0.0,-10.0,0.639999866,-11.6,0.0,0.0,0.0,0.0,0.0,0.0,0.0,0.0,0.0,0.0,1,1,0,15,0,3.365345,3.365345,Erfan,Aminipour,2026-09-18T13:53:09.370677,,,
DATA,13.888,-10.0,0.639999866,-11.6,0.0,0.0,0.0,-10.0,-0.160000145,-10.0,0.0,0.0,0.0,-10.0,0.639999866,-11.6,0.0,0.0,0.0,-10.0,0.639999866,-11.6,0.0,0.0,0.0,0.0,0.0,0.0,0.0,0.0,0.0,0.0,1,1,0,15,0,3.41654587,3.41654587,Erfan,Aminipour,2026-09-18T13:53:09.421875,,,
DATA,13.935,-10.0,0.639999866,-11.6,0.0,0.0,0.0,-10.0,-0.160000145,-10.0,0.0,0.0,0.0,-10.0,0.639999866,-11.6,0.0,0.0,0.0,-10.0,0.639999866,-11.6,0.0,0.0,0.0,0.0,0.0,0.0,0.0,0.0,0.0,0.0,1,1,0,15,0,3.46328354,3.46328354,Erfan,Aminipour,2026-09-18T13:53:09.468201,,,
DATA,13.986,-10.0,0.639999866,-11.6,0.0,0.0,0.0,-10.0,-0.160000145,-10.0,0.0,0.0,0.0,-10.0,0.639999866,-11.6,0.0,0.0,0.0,-10.0,0.639999866,-11.6,0.0,0.0,0.0,0.0,0.0,0.0,0.0,0.0,0.0,0.0,1,1,0,15,0,3.51503277,3.51503277,Erfan,Aminipour,2026-09-18T13:53:09.521102,,,
DATA,14.036,-10.0,0.639999866,-11.6,0.0,0.0,0.0,-10.0,-0.160000145,-10.0,0.0,0.0,0.0,-10.0,0.639999866,-11.6,0.0,0.0,0.0,-10.0,0.639999866,-11.6,0.0,0.0,0.0,0.0,0.0,0.0,0.0,0.0,0.0,0.0,1,1,0,15,0,3.564207,3.564207,Erfan,Aminipour,2026-09-18T13:53:09.570598,,,
EVENT,14.051,,,,,,,,,,,,,,,,,,,,,,,,,,,,,,,,1,1,,,,3.57814312,3.57814312,Erfan,Aminipour,2026-09-18T13:53:09.592220,BUTTON_EVENT,EXIT_YES_SELECTED,YES option selected in Exit confirmation panel.
DATA,14.088,-10.0178967,0.639999866,-11.6,0.0,0.0,0.0,-10.0,-0.160000145,-10.0,0.0,0.0,0.0,-10.0178967,0.639999866,-11.6,0.0,0.0,0.0,-10.0178967,0.639999866,-11.6,0.0,0.0,0.0,0.0,0.0,0.0,0.0,-1.0,0.0,0.0,1,1,0,15,0,3.61676216,3.61676216,Erfan,Aminipour,2026-09-18T13:53:09.616514,,,
DATA,14.137,-10.0161705,0.639999866,-11.6,0.0,0.0,0.0,-10.0,-0.160000145,-10.0,0.0,0.0,0.0,-10.0161705,0.639999866,-11.6,0.0,0.0,0.0,-10.0161705,0.639999866,-11.6,0.0,0.0,0.0,0.0,0.0,0.0,0.0,-1.0,0.0,0.0,1,1,0,15,0,3.66551971,3.66551971,Erfan,Aminipour,2026-09-18T13:53:09.666168,,,
DATA,14.186,-10.0,0.639999866,-11.6,0.0,0.0,0.0,-10.0,-0.160000145,-10.0,0.0,0.0,0.0,-10.0,0.639999866,-11.6,0.0,0.0,0.0,-10.0,0.639999866,-11.6,0.0,0.0,0.0,0.0,0.0,0.0,0.0,0.0,0.0,0.0,1,1,0,15,0,3.7140255,3.7140255,Erfan,Aminipour,2026-09-18T13:53:09.720296,,,
EVENT,14.229,,,,,,,,,,,,,,,,,,,,,,,,,,,,,,,,1,1,,,,3.75625038,3.75625038,Erfan,Aminipour,2026-09-18T13:53:09.786067,BUTTON_EVENT,EXIT_YES_CONFIRMED,YES confirmed. Game exit requested.
EVENT,14.23,,,,,,,,,,,,,,,,,,,,,,,,,,,,,,,,1,1,,,,3.75625038,3.75625038,Erfan,Aminipour,2026-09-18T13:53:09.804345,PANEL_EVENT,PANEL_CLOSED_EXIT_CONFIRMATION,Exit confirmation panel closed after YES.
EVENT,14.231,,,,,,,,,,,,,,,,,,,,,,,,,,,,,,,,1,1,,,,3.75625038,3.75625038,Erfan,Aminipour,2026-09-18T13:53:09.821084,GAME_EVENT,MAZE_EXIT,Result=FAILED - EXIT; MazeDuration=3.756; CollectedCoins=0
EVENT,14.243,,,,,,,,,,,,,,,,,,,,,,,,,,,,,,,,1,1,,,,3.75625038,3.75625038,Erfan,Aminipour,2026-09-18T13:53:09.838126,PANEL_OPENED,PANEL_OPENED_FINAL_GAME,
EVENT,14.258,,,,,,,,,,,,,,,,,,,,,,,,,,,,,,,,1,1,,,,3.75625038,3.75625038,Erfan,Aminipour,2026-09-18T13:53:09.875938,GAME_EVENT,GAME_FINISHED_FAILED,FinalResult=FAILED - EXIT; TotalGameTime=3.756; TotalScore=0; TotalCoinsCollected=0; HighestCompletedMaze=0
